Workbook
Name Slicer_Status: #N/A

Sheet Equipment_Master
A1: Equipment_ID | B1: Equipment_Name | C1: Equipment_Type | D1: Criticality | E1: Location | F1: Installed_Date | G1: Status
A2: EQ-100 | B2: Diesel Generator A-100 | C2: Diesel Generator | D2: Critical | E2: Onshore Facility | F2: 2021-03-25 | G2: Operational
A3: EQ-101 | B3: Gas Turbine A-101 | C3: Gas Turbine | D3: Critical | E3: Platform A | F3: 2017-05-10 | G3: Operational
A4: EQ-102 | B4: Centrifugal Pump A-102 | C4: Centrifugal Pump | D4: Critical | E4: Platform B | F4: 2018-04-24 | G4: Operational
A5: EQ-103 | B5: Storage Tank A-103 | C5: Storage Tank | D5: Critical | E5: Processing Unit | F5: 2021-07-04 | G5: Operational
A6: EQ-104 | B6: Control Valve A-104 | C6: Control Valve | D6: Low | E6: Platform A | F6: 2022-03-10 | G6: Operational
A7: EQ-105 | B7: Electric Motor A-105 | C7: Electric Motor | D7: High | E7: Platform B | F7: 2020-03-15 | G7: Operational
A8: EQ-106 | B8: Turbine A-106 | C8: Turbine | D8: Critical | E8: Onshore Facility | F8: 2017-03-17 | G8: Operational
A9: EQ-107 | B9: Centrifugal Pump A-107 | C9: Centrifugal Pump | D9: Medium | E9: Platform A | F9: 2019-09-25 | G9: Operational
A10: EQ-108 | B10: Control Valve A-108 | C10: Control Valve | D10: Low | E10: Onshore Facility | F10: 2017-07-03 | G10: Operational
A11: EQ-109 | B11: Gas Compressor A-109 | C11: Gas Compressor | D11: Critical | E11: Platform B | F11: 2020-09-24 | G11: Standby
A12: EQ-110 | B12: Reactor B-110 | C12: Reactor | D12: High | E12: Platform A | F12: 2019-09-19 | G12: Operational
... A31: EQ-129 | B31: Centrifugal Pump C-129 | C31: Centrifugal Pump | D31: Critical | E31: Onshore Facility | F31: 2020-07-12 | G31: Operational

Sheet Work_Orders
A1: WO_Number | B1: Equipment_ID | C1: Equipment_Name | D1: Maintenance_Type | E1: Priority | F1: Status | G1: Created_Date | H1: Scheduled_Start | I1: Actual_Start | J1: Completion_Date | K1: Downtime_Hours | L1: Cost_NGN | M1: Failure_Type | N1: Technician | O1: Description | P1: Year_Month | Q1: Status_Order | R1: Maintenance_Type_Order | S1: Year_Month2
A2: WO-1000 | B2: EQ-100 | C2: Diesel Generator A-100 | D2: Inspection | E2: Critical | F2: Completed | G2: 2025-01-31 | H2: 2025-01-31 21:44 | I2: 2025-01-31 21:44 | J2: 2025-01-31 23:00 | K2: 3.3 | L2: 81266.75 | M2: No Failure | N2: Chidi Eze | O2: Inspection maintenance on Diesel Generator A-100 | P2: =TEXT(G2,"yyyy-mm") -> 2025-01 | Q2: =IF(tblWO[[#This Row],[Status]]="Completed",1, IF(tblWO[[#This Row],[Status]]="In Progress",2, IF(tblWO[[#This Row],[Status]]="Planned",3, IF(tblWO[[#This Row],[Status]]="Cancelled",4,99)))) -> 1 | R2: =IF(D2="Preventive",1, IF(D2="Inspection",2, IF(D2="Corrective",3, IF(D2="Breakdown",4, IF(D2="Overhaul",5,99))))) -> 2 | S2: =TEXT(G2,"yyyy-mm") -> 2025-01
A3: WO-1001 | B3: EQ-100 | C3: Diesel Generator A-100 | D3: Corrective | E3: Medium | F3: In Progress | G3: 2025-03-16 | H3: 2025-03-16 21:44 | K3: 0 | L3: 0 | N3: Fatima Bello | O3: Corrective maintenance on Diesel Generator A-100 | P3: =TEXT(G3,"yyyy-mm") -> 2025-03 | Q3: =IF(tblWO[[#This Row],[Status]]="Completed",1, IF(tblWO[[#This Row],[Status]]="In Progress",2, IF(tblWO[[#This Row],[Status]]="Planned",3, IF(tblWO[[#This Row],[Status]]="Cancelled",4,99)))) -> 2 | R3: =IF(D3="Preventive",1, IF(D3="Inspection",2, IF(D3="Corrective",3, IF(D3="Breakdown",4, IF(D3="Overhaul",5,99))))) -> 3 | S3: =TEXT(G3,"yyyy-mm") -> 2025-03
A4: WO-1002 | B4: EQ-100 | C4: Diesel Generator A-100 | D4: Inspection | E4: Low | F4: Completed | G4: 2025-12-10 | H4: 2025-12-10 21:44 | I4: 2025-12-10 21:44 | J4: 2025-12-10 23:20 | K4: 2.9 | L4: 55048.01 | M4: No Failure | N4: Zainab Yusuf | O4: Inspection maintenance on Diesel Generator A-100 | P4: =TEXT(G4,"yyyy-mm") -> 2025-12 | Q4: =IF(tblWO[[#This Row],[Status]]="Completed",1, IF(tblWO[[#This Row],[Status]]="In Progress",2, IF(tblWO[[#This Row],[Status]]="Planned",3, IF(tblWO[[#This Row],[Status]]="Cancelled",4,99)))) -> 1 | R4: =IF(D4="Preventive",1, IF(D4="Inspection",2, IF(D4="Corrective",3, IF(D4="Breakdown",4, IF(D4="Overhaul",5,99))))) -> 2 | S4: =TEXT(G4,"yyyy-mm") -> 2025-12
A5: WO-1003 | B5: EQ-100 | C5: Diesel Generator A-100 | D5: Preventive | E5: Medium | F5: Completed | G5: 2025-04-16 | H5: 2025-04-16 21:44 | I5: 2025-04-16 21:44 | J5: 2025-04-17 00:23 | K5: 7.9 | L5: 51797.71 | M5: No Failure | N5: John Okafor | O5: Preventive maintenance on Diesel Generator A-100 | P5: =TEXT(G5,"yyyy-mm") -> 2025-04 | Q5: =IF(tblWO[[#This Row],[Status]]="Completed",1, IF(tblWO[[#This Row],[Status]]="In Progress",2, IF(tblWO[[#This Row],[Status]]="Planned",3, IF(tblWO[[#This Row],[Status]]="Cancelled",4,99)))) -> 1 | R5: =IF(D5="Preventive",1, IF(D5="Inspection",2, IF(D5="Corrective",3, IF(D5="Breakdown",4, IF(D5="Overhaul",5,99))))) -> 1 | S5: =TEXT(G5,"yyyy-mm") -> 2025-04
A6: WO-1004 | B6: EQ-100 | C6: Diesel Generator A-100 | D6: Preventive | E6: High | F6: Completed | G6: 2025-01-07 | H6: 2025-01-07 21:44 | I6: 2025-01-07 21:44 | J6: 2025-01-08 08:20 | K6: 8.7 | L6: 103559.2 | M6: No Failure | N6: Chidi Eze | O6: Preventive maintenance on Diesel Generator A-100 | P6: =TEXT(G6,"yyyy-mm") -> 2025-01 | Q6: =IF(tblWO[[#This Row],[Status]]="Completed",1, IF(tblWO[[#This Row],[Status]]="In Progress",2, IF(tblWO[[#This Row],[Status]]="Planned",3, IF(tblWO[[#This Row],[Status]]="Cancelled",4,99)))) -> 1 | R6: =IF(D6="Preventive",1, IF(D6="Inspection",2, IF(D6="Corrective",3, IF(D6="Breakdown",4, IF(D6="Overhaul",5,99))))) -> 1 | S6: =TEXT(G6,"yyyy-mm") -> 2025-01
A7: WO-1005 | B7: EQ-100 | C7: Diesel Generator A-100 | D7: Breakdown | E7: Low | F7: Completed | G7: 2025-10-13 | H7: 2025-10-13 21:44 | I7: 2025-10-13 21:44 | J7: 2025-10-15 00:39 | K7: 15.6 | L7: 258158.49 | M7: Calibration Drift | N7: Tunde Adeleke | O7: Breakdown maintenance on Diesel Generator A-100 | P7: =TEXT(G7,"yyyy-mm") -> 2025-10 | Q7: =IF(tblWO[[#This Row],[Status]]="Completed",1, IF(tblWO[[#This Row],[Status]]="In Progress",2, IF(tblWO[[#This Row],[Status]]="Planned",3, IF(tblWO[[#This Row],[Status]]="Cancelled",4,99)))) -> 1 | R7: =IF(D7="Preventive",1, IF(D7="Inspection",2, IF(D7="Corrective",3, IF(D7="Breakdown",4, IF(D7="Overhaul",5,99))))) -> 4 | S7: =TEXT(G7,"yyyy-mm") -> 2025-10
A8: WO-1006 | B8: EQ-100 | C8: Diesel Generator A-100 | D8: Preventive | E8: Medium | F8: Completed | G8: 2025-07-20 | H8: 2025-07-20 21:44 | I8: 2025-07-20 21:44 | J8: 2025-07-21 04:24 | K8: 11.8 | L8: 74604.47 | M8: No Failure | N8: Tunde Adeleke | O8: Preventive maintenance on Diesel Generator A-100 | P8: =TEXT(G8,"yyyy-mm") -> 2025-07 | Q8: =IF(tblWO[[#This Row],[Status]]="Completed",1, IF(tblWO[[#This Row],[Status]]="In Progress",2, IF(tblWO[[#This Row],[Status]]="Planned",3, IF(tblWO[[#This Row],[Status]]="Cancelled",4,99)))) -> 1 | R8: =IF(D8="Preventive",1, IF(D8="Inspection",2, IF(D8="Corrective",3, IF(D8="Breakdown",4, IF(D8="Overhaul",5,99))))) -> 1 | S8: =TEXT(G8,"yyyy-mm") -> 2025-07
A9: WO-1007 | B9: EQ-100 | C9: Diesel Generator A-100 | D9: Breakdown | E9: Critical | F9: Completed | G9: 2025-04-28 | H9: 2025-04-28 21:44 | I9: 2025-04-28 21:44 | J9: 2025-04-29 13:24 | K9: 15.3 | L9: 477576.84 | M9: Bearing Wear | N9: Amina Ibrahim | O9: Breakdown maintenance on Diesel Generator A-100 | P9: =TEXT(G9,"yyyy-mm") -> 2025-04 | Q9: =IF(tblWO[[#This Row],[Status]]="Completed",1, IF(tblWO[[#This Row],[Status]]="In Progress",2, IF(tblWO[[#This Row],[Status]]="Planned",3, IF(tblWO[[#This Row],[Status]]="Cancelled",4,99)))) -> 1 | R9: =IF(D9="Preventive",1, IF(D9="Inspection",2, IF(D9="Corrective",3, IF(D9="Breakdown",4, IF(D9="Overhaul",5,99))))) -> 4 | S9: =TEXT(G9,"yyyy-mm") -> 2025-04
A10: WO-1008 | B10: EQ-100 | C10: Diesel Generator A-100 | D10: Preventive | E10: Medium | F10: Completed | G10: 2025-09-29 | H10: 2025-09-29 21:44 | I10: 2025-09-29 21:44 | J10: 2025-09-30 00:43 | K10: 2.1 | L10: 73315.69 | M10: No Failure | N10: Fatima Bello | O10: Preventive maintenance on Diesel Generator A-100 | P10: =TEXT(G10,"yyyy-mm") -> 2025-09 | Q10: =IF(tblWO[[#This Row],[Status]]="Completed",1, IF(tblWO[[#This Row],[Status]]="In Progress",2, IF(tblWO[[#This Row],[Status]]="Planned",3, IF(tblWO[[#This Row],[Status]]="Cancelled",4,99)))) -> 1 | R10: =IF(D10="Preventive",1, IF(D10="Inspection",2, IF(D10="Corrective",3, IF(D10="Breakdown",4, IF(D10="Overhaul",5,99))))) -> 1 | S10: =TEXT(G10,"yyyy-mm") -> 2025-09
A11: WO-1009 | B11: EQ-100 | C11: Diesel Generator A-100 | D11: Preventive | E11: Low | F11: In Progress | G11: 2025-08-27 | H11: 2025-08-27 21:44 | K11: 0 | L11: 0 | N11: Chidi Eze | O11: Preventive maintenance on Diesel Generator A-100 | P11: =TEXT(G11,"yyyy-mm") -> 2025-08 | Q11: =IF(tblWO[[#This Row],[Status]]="Completed",1, IF(tblWO[[#This Row],[Status]]="In Progress",2, IF(tblWO[[#This Row],[Status]]="Planned",3, IF(tblWO[[#This Row],[Status]]="Cancelled",4,99)))) -> 2 | R11: =IF(D11="Preventive",1, IF(D11="Inspection",2, IF(D11="Corrective",3, IF(D11="Breakdown",4, IF(D11="Overhaul",5,99))))) -> 1 | S11: =TEXT(G11,"yyyy-mm") -> 2025-08
A12: WO-1010 | B12: EQ-100 | C12: Diesel Generator A-100 | D12: Preventive | E12: Medium | F12: Completed | G12: 2025-07-09 | H12: 2025-07-09 21:44 | I12: 2025-07-09 21:44 | J12: 2025-07-10 02:23 | K12: 6.2 | L12: 289329.41 | M12: No Failure | N12: Zainab Yusuf | O12: Preventive maintenance on Diesel Generator A-100 | P12: =TEXT(G12,"yyyy-mm") -> 2025-07 | Q12: =IF(tblWO[[#This Row],[Status]]="Completed",1, IF(tblWO[[#This Row],[Status]]="In Progress",2, IF(tblWO[[#This Row],[Status]]="Planned",3, IF(tblWO[[#This Row],[Status]]="Cancelled",4,99)))) -> 1 | R12: =IF(D12="Preventive",1, IF(D12="Inspection",2, IF(D12="Corrective",3, IF(D12="Breakdown",4, IF(D12="Overhaul",5,99))))) -> 1 | S12: =TEXT(G12,"yyyy-mm") -> 2025-07
A13: WO-1011 | B13: EQ-100 | C13: Diesel Generator A-100 | D13: Preventive | E13: Medium | F13: Completed | G13: 2025-05-22 | H13: 2025-05-22 21:44 | I13: 2025-05-22 21:44 | J13: 2025-05-23 01:55 | K13: 2.6 | L13: 128401.2 | M13: No Failure | N13: John Okafor | O13: Preventive maintenance on Diesel Generator A-100 | P13: =TEXT(G13,"yyyy-mm") -> 2025-05 | Q13: =IF(tblWO[[#This Row],[Status]]="Completed",1, IF(tblWO[[#This Row],[Status]]="In Progress",2, IF(tblWO[[#This Row],[Status]]="Planned",3, IF(tblWO[[#This Row],[Status]]="Cancelled",4,99)))) -> 1 | R13: =IF(D13="Preventive",1, IF(D13="Inspection",2, IF(D13="Corrective",3, IF(D13="Breakdown",4, IF(D13="Overhaul",5,99))))) -> 1 | S13: =TEXT(G13,"yyyy-mm") -> 2025-05
A14: WO-1012 | B14: EQ-100 | C14: Diesel Generator A-100 | D14: Corrective | E14: Critical | F14: Planned | G14: 2025-09-19 | H14: 2025-09-19 21:44 | K14: 0 | L14: 0 | N14: Chidi Eze | O14: Corrective maintenance on Diesel Generator A-100 | P14: =TEXT(G14,"yyyy-mm") -> 2025-09 | Q14: =IF(tblWO[[#This Row],[Status]]="Completed",1, IF(tblWO[[#This Row],[Status]]="In Progress",2, IF(tblWO[[#This Row],[Status]]="Planned",3, IF(tblWO[[#This Row],[Status]]="Cancelled",4,99)))) -> 3 | R14: =IF(D14="Preventive",1, IF(D14="Inspection",2, IF(D14="Corrective",3, IF(D14="Breakdown",4, IF(D14="Overhaul",5,99))))) -> 3 | S14: =TEXT(G14,"yyyy-mm") -> 2025-09
A15: WO-1013 | B15: EQ-100 | C15: Diesel Generator A-100 | D15: Preventive | E15: Critical | F15: Completed | G15: 2025-01-25 | H15: 2025-01-25 21:44 | I15: 2025-01-25 21:44 | J15: 2025-01-26 06:29 | K15: 10.9 | L15: 111553.84 | M15: No Failure | N15: John Okafor | O15: Preventive maintenance on Diesel Generator A-100 | P15: =TEXT(G15,"yyyy-mm") -> 2025-01 | Q15: =IF(tblWO[[#This Row],[Status]]="Completed",1, IF(tblWO[[#This Row],[Status]]="In Progress",2, IF(tblWO[[#This Row],[Status]]="Planned",3, IF(tblWO[[#This Row],[Status]]="Cancelled",4,99)))) -> 1 | R15: =IF(D15="Preventive",1, IF(D15="Inspection",2, IF(D15="Corrective",3, IF(D15="Breakdown",4, IF(D15="Overhaul",5,99))))) -> 1 | S15: =TEXT(G15,"yyyy-mm") -> 2025-01
A16: WO-1014 | B16: EQ-100 | C16: Diesel Generator A-100 | D16: Corrective | E16: Low | F16: Completed | G16: 2025-11-23 | H16: 2025-11-23 21:44 | I16: 2025-11-23 21:44 | J16: 2025-11-24 13:25 | K16: 8.1 | L16: 386476.72 | M16: Electrical Fault | N16: Fatima Bello | O16: Corrective maintenance on Diesel Generator A-100 | P16: =TEXT(G16,"yyyy-mm") -> 2025-11 | Q16: =IF(tblWO[[#This Row],[Status]]="Completed",1, IF(tblWO[[#This Row],[Status]]="In Progress",2, IF(tblWO[[#This Row],[Status]]="Planned",3, IF(tblWO[[#This Row],[Status]]="Cancelled",4,99)))) -> 1 | R16: =IF(D16="Preventive",1, IF(D16="Inspection",2, IF(D16="Corrective",3, IF(D16="Breakdown",4, IF(D16="Overhaul",5,99))))) -> 3 | S16: =TEXT(G16,"yyyy-mm") -> 2025-11
A17: WO-1015 | B17: EQ-100 | C17: Diesel Generator A-100 | D17: Preventive | E17: High | F17: Completed | G17: 2025-02-27 | H17: 2025-02-27 21:44 | I17: 2025-02-27 21:44 | J17: 2025-02-28 06:27 | K17: 9.5 | L17: 68135.78 | M17: No Failure | N17: Zainab Yusuf | O17: Preventive maintenance on Diesel Generator A-100 | P17: =TEXT(G17,"yyyy-mm") -> 2025-02 | Q17: =IF(tblWO[[#This Row],[Status]]="Completed",1, IF(tblWO[[#This Row],[Status]]="In Progress",2, IF(tblWO[[#This Row],[Status]]="Planned",3, IF(tblWO[[#This Row],[Status]]="Cancelled",4,99)))) -> 1 | R17: =IF(D17="Preventive",1, IF(D17="Inspection",2, IF(D17="Corrective",3, IF(D17="Breakdown",4, IF(D17="Overhaul",5,99))))) -> 1 | S17: =TEXT(G17,"yyyy-mm") -> 2025-02
A18: WO-1016 | B18: EQ-100 | C18: Diesel Generator A-100 | D18: Corrective | E18: High | F18: Completed | G18: 2025-02-11 | H18: 2025-02-11 21:44 | I18: 2025-02-11 21:44 | J18: 2025-02-12 03:12 | K18: 22.7 | L18: 452345.67 | M18: Calibration Drift | N18: Fatima Bello | O18: Corrective maintenance on Diesel Generator A-100 | P18: =TEXT(G18,"yyyy-mm") -> 2025-02 | Q18: =IF(tblWO[[#This Row],[Status]]="Completed",1, IF(tblWO[[#This Row],[Status]]="In Progress",2, IF(tblWO[[#This Row],[Status]]="Planned",3, IF(tblWO[[#This Row],[Status]]="Cancelled",4,99)))) -> 1 | R18: =IF(D18="Preventive",1, IF(D18="Inspection",2, IF(D18="Corrective",3, IF(D18="Breakdown",4, IF(D18="Overhaul",5,99))))) -> 3 | S18: =TEXT(G18,"yyyy-mm") -> 2025-02
A19: WO-1017 | B19: EQ-100 | C19: Diesel Generator A-100 | D19: Preventive | E19: High | F19: Completed | G19: 2025-03-12 | H19: 2025-03-12 21:44 | I19: 2025-03-12 21:44 | J19: 2025-03-13 04:07 | K19: 11.8 | L19: 251774.99 | M19: No Failure | N19: John Okafor | O19: Preventive maintenance on Diesel Generator A-100 | P19: =TEXT(G19,"yyyy-mm") -> 2025-03 | Q19: =IF(tblWO[[#This Row],[Status]]="Completed",1, IF(tblWO[[#This Row],[Status]]="In Progress",2, IF(tblWO[[#This Row],[Status]]="Planned",3, IF(tblWO[[#This Row],[Status]]="Cancelled",4,99)))) -> 1 | R19: =IF(D19="Preventive",1, IF(D19="Inspection",2, IF(D19="Corrective",3, IF(D19="Breakdown",4, IF(D19="Overhaul",5,99))))) -> 1 | S19: =TEXT(G19,"yyyy-mm") -> 2025-03
A20: WO-1018 | B20: EQ-101 | C20: Gas Turbine A-101 | D20: Breakdown | E20: High | F20: In Progress | G20: 2025-11-26 | H20: 2025-11-26 21:44 | K20: 0 | L20: 0 | N20: Amina Ibrahim | O20: Breakdown maintenance on Gas Turbine A-101 | P20: =TEXT(G20,"yyyy-mm") -> 2025-11 | Q20: =IF(tblWO[[#This Row],[Status]]="Completed",1, IF(tblWO[[#This Row],[Status]]="In Progress",2, IF(tblWO[[#This Row],[Status]]="Planned",3, IF(tblWO[[#This Row],[Status]]="Cancelled",4,99)))) -> 2 | R20: =IF(D20="Preventive",1, IF(D20="Inspection",2, IF(D20="Corrective",3, IF(D20="Breakdown",4, IF(D20="Overhaul",5,99))))) -> 4 | S20: =TEXT(G20,"yyyy-mm") -> 2025-11
A21: WO-1019 | B21: EQ-101 | C21: Gas Turbine A-101 | D21: Breakdown | E21: High | F21: Completed | G21: 2025-05-10 | H21: 2025-05-10 21:44 | I21: 2025-05-10 21:44 | J21: 2025-05-11 17:00 | K21: 35.5 | L21: 711747.69 | M21: Corrosion | N21: Zainab Yusuf | O21: Breakdown maintenance on Gas Turbine A-101 | P21: =TEXT(G21,"yyyy-mm") -> 2025-05 | Q21: =IF(tblWO[[#This Row],[Status]]="Completed",1, IF(tblWO[[#This Row],[Status]]="In Progress",2, IF(tblWO[[#This Row],[Status]]="Planned",3, IF(tblWO[[#This Row],[Status]]="Cancelled",4,99)))) -> 1 | R21: =IF(D21="Preventive",1, IF(D21="Inspection",2, IF(D21="Corrective",3, IF(D21="Breakdown",4, IF(D21="Overhaul",5,99))))) -> 4 | S21: =TEXT(G21,"yyyy-mm") -> 2025-05
A22: WO-1020 | B22: EQ-101 | C22: Gas Turbine A-101 | D22: Preventive | E22: High | F22: Completed | G22: 2025-01-17 | H22: 2025-01-17 21:44 | I22: 2025-01-17 21:44 | J22: 2025-01-18 00:40 | K22: 2 | L22: 242779.81 | M22: No Failure | N22: Emeka Okonkwo | O22: Preventive maintenance on Gas Turbine A-101 | P22: =TEXT(G22,"yyyy-mm") -> 2025-01 | Q22: =IF(tblWO[[#This Row],[Status]]="Completed",1, IF(tblWO[[#This Row],[Status]]="In Progress",2, IF(tblWO[[#This Row],[Status]]="Planned",3, IF(tblWO[[#This Row],[Status]]="Cancelled",4,99)))) -> 1 | R22: =IF(D22="Preventive",1, IF(D22="Inspection",2, IF(D22="Corrective",3, IF(D22="Breakdown",4, IF(D22="Overhaul",5,99))))) -> 1 | S22: =TEXT(G22,"yyyy-mm") -> 2025-01
A23: WO-1021 | B23: EQ-101 | C23: Gas Turbine A-101 | D23: Preventive | E23: Critical | F23: Completed | G23: 2025-08-05 | H23: 2025-08-05 21:44 | I23: 2025-08-05 21:44 | J23: 2025-08-06 05:15 | K23: 2.8 | L23: 270776.6 | M23: No Failure | N23: Chidi Eze | O23: Preventive maintenance on Gas Turbine A-101 | P23: =TEXT(G23,"yyyy-mm") -> 2025-08 | Q23: =IF(tblWO[[#This Row],[Status]]="Completed",1, IF(tblWO[[#This Row],[Status]]="In Progress",2, IF(tblWO[[#This Row],[Status]]="Planned",3, IF(tblWO[[#This Row],[Status]]="Cancelled",4,99)))) -> 1 | R23: =IF(D23="Preventive",1, IF(D23="Inspection",2, IF(D23="Corrective",3, IF(D23="Breakdown",4, IF(D23="Overhaul",5,99))))) -> 1 | S23: =TEXT(G23,"yyyy-mm") -> 2025-08
A24: WO-1022 | B24: EQ-101 | C24: Gas Turbine A-101 | D24: Corrective | E24: Critical | F24: Completed | G24: 2025-10-16 | H24: 2025-10-16 21:44 | I24: 2025-10-16 21:44 | J24: 2025-10-17 12:47 | K24: 11.3 | L24: 473235.2 | M24: Leakage | N24: John Okafor | O24: Corrective maintenance on Gas Turbine A-101 | P24: =TEXT(G24,"yyyy-mm") -> 2025-10 | Q24: =IF(tblWO[[#This Row],[Status]]="Completed",1, IF(tblWO[[#This Row],[Status]]="In Progress",2, IF(tblWO[[#This Row],[Status]]="Planned",3, IF(tblWO[[#This Row],[Status]]="Cancelled",4,99)))) -> 1 | R24: =IF(D24="Preventive",1, IF(D24="Inspection",2, IF(D24="Corrective",3, IF(D24="Breakdown",4, IF(D24="Overhaul",5,99))))) -> 3 | S24: =TEXT(G24,"yyyy-mm") -> 2025-10
A25: WO-1023 | B25: EQ-101 | C25: Gas Turbine A-101 | D25: Inspection | E25: High | F25: Completed | G25: 2025-04-08 | H25: 2025-04-08 21:44 | I25: 2025-04-08 21:44 | J25: 2025-04-09 00:47 | K25: 2.7 | L25: 89977.02 | M25: No Failure | N25: Chidi Eze | O25: Inspection maintenance on Gas Turbine A-101 | P25: =TEXT(G25,"yyyy-mm") -> 2025-04 | Q25: =IF(tblWO[[#This Row],[Status]]="Completed",1, IF(tblWO[[#This Row],[Status]]="In Progress",2, IF(tblWO[[#This Row],[Status]]="Planned",3, IF(tblWO[[#This Row],[Status]]="Cancelled",4,99)))) -> 1 | R25: =IF(D25="Preventive",1, IF(D25="Inspection",2, IF(D25="Corrective",3, IF(D25="Breakdown",4, IF(D25="Overhaul",5,99))))) -> 2 | S25: =TEXT(G25,"yyyy-mm") -> 2025-04
A26: WO-1024 | B26: EQ-101 | C26: Gas Turbine A-101 | D26: Inspection | E26: Low | F26: Planned | G26: 2025-04-22 | H26: 2025-04-22 21:44 | K26: 0 | L26: 0 | N26: Tunde Adeleke | O26: Inspection maintenance on Gas Turbine A-101 | P26: =TEXT(G26,"yyyy-mm") -> 2025-04 | Q26: =IF(tblWO[[#This Row],[Status]]="Completed",1, IF(tblWO[[#This Row],[Status]]="In Progress",2, IF(tblWO[[#This Row],[Status]]="Planned",3, IF(tblWO[[#This Row],[Status]]="Cancelled",4,99)))) -> 3 | R26: =IF(D26="Preventive",1, IF(D26="Inspection",2, IF(D26="Corrective",3, IF(D26="Breakdown",4, IF(D26="Overhaul",5,99))))) -> 2 | S26: =TEXT(G26,"yyyy-mm") -> 2025-04
A27: WO-1025 | B27: EQ-101 | C27: Gas Turbine A-101 | D27: Preventive | E27: Medium | F27: Completed | G27: 2025-06-10 | H27: 2025-06-10 21:44 | I27: 2025-06-10 21:44 | J27: 2025-06-11 07:34 | K27: 9.4 | L27: 112041.81 | M27: No Failure | N27: Chidi Eze | O27: Preventive maintenance on Gas Turbine A-101 | P27: =TEXT(G27,"yyyy-mm") -> 2025-06 | Q27: =IF(tblWO[[#This Row],[Status]]="Completed",1, IF(tblWO[[#This Row],[Status]]="In Progress",2, IF(tblWO[[#This Row],[Status]]="Planned",3, IF(tblWO[[#This Row],[Status]]="Cancelled",4,99)))) -> 1 | R27: =IF(D27="Preventive",1, IF(D27="Inspection",2, IF(D27="Corrective",3, IF(D27="Breakdown",4, IF(D27="Overhaul",5,99))))) -> 1 | S27: =TEXT(G27,"yyyy-mm") -> 2025-06
A28: WO-1026 | B28: EQ-101 | C28: Gas Turbine A-101 | D28: Breakdown | E28: High | F28: In Progress | G28: 2025-07-05 | H28: 2025-07-05 21:44 | K28: 0 | L28: 0 | N28: Zainab Yusuf | O28: Breakdown maintenance on Gas Turbine A-101 | P28: =TEXT(G28,"yyyy-mm") -> 2025-07 | Q28: =IF(tblWO[[#This Row],[Status]]="Completed",1, IF(tblWO[[#This Row],[Status]]="In Progress",2, IF(tblWO[[#This Row],[Status]]="Planned",3, IF(tblWO[[#This Row],[Status]]="Cancelled",4,99)))) -> 2 | R28: =IF(D28="Preventive",1, IF(D28="Inspection",2, IF(D28="Corrective",3, IF(D28="Breakdown",4, IF(D28="Overhaul",5,99))))) -> 4 | S28: =TEXT(G28,"yyyy-mm") -> 2025-07
A29: WO-1027 | B29: EQ-101 | C29: Gas Turbine A-101 | D29: Preventive | E29: High | F29: Completed | G29: 2025-04-17 | H29: 2025-04-17 21:44 | I29: 2025-04-17 21:44 | J29: 2025-04-18 01:58 | K29: 4.8 | L29: 67355.19 | M29: No Failure | N29: Emeka Okonkwo | O29: Preventive maintenance on Gas Turbine A-101 | P29: =TEXT(G29,"yyyy-mm") -> 2025-04 | Q29: =IF(tblWO[[#This Row],[Status]]="Completed",1, IF(tblWO[[#This Row],[Status]]="In Progress",2, IF(tblWO[[#This Row],[Status]]="Planned",3, IF(tblWO[[#This Row],[Status]]="Cancelled",4,99)))) -> 1 | R29: =IF(D29="Preventive",1, IF(D29="Inspection",2, IF(D29="Corrective",3, IF(D29="Breakdown",4, IF(D29="Overhaul",5,99))))) -> 1 | S29: =TEXT(G29,"yyyy-mm") -> 2025-04
A30: WO-1028 | B30: EQ-101 | C30: Gas Turbine A-101 | D30: Preventive | E30: Medium | F30: Cancelled | G30: 2025-09-08 | H30: 2025-09-08 21:44 | K30: 0 | L30: 0 | N30: John Okafor | O30: Preventive maintenance on Gas Turbine A-101 | P30: =TEXT(G30,"yyyy-mm") -> 2025-09 | Q30: =IF(tblWO[[#This Row],[Status]]="Completed",1, IF(tblWO[[#This Row],[Status]]="In Progress",2, IF(tblWO[[#This Row],[Status]]="Planned",3, IF(tblWO[[#This Row],[Status]]="Cancelled",4,99)))) -> 4 | R30: =IF(D30="Preventive",1, IF(D30="Inspection",2, IF(D30="Corrective",3, IF(D30="Breakdown",4, IF(D30="Overhaul",5,99))))) -> 1 | S30: =TEXT(G30,"yyyy-mm") -> 2025-09
A31: WO-1029 | B31: EQ-101 | C31: Gas Turbine A-101 | D31: Preventive | E31: High | F31: Planned | G31: 2025-05-04 | H31: 2025-05-04 21:44 | K31: 0 | L31: 0 | N31: Amina Ibrahim | O31: Preventive maintenance on Gas Turbine A-101 | P31: =TEXT(G31,"yyyy-mm") -> 2025-05 | Q31: =IF(tblWO[[#This Row],[Status]]="Completed",1, IF(tblWO[[#This Row],[Status]]="In Progress",2, IF(tblWO[[#This Row],[Status]]="Planned",3, IF(tblWO[[#This Row],[Status]]="Cancelled",4,99)))) -> 3 | R31: =IF(D31="Preventive",1, IF(D31="Inspection",2, IF(D31="Corrective",3, IF(D31="Breakdown",4, IF(D31="Overhaul",5,99))))) -> 1 | S31: =TEXT(G31,"yyyy-mm") -> 2025-05
A32: WO-1030 | B32: EQ-101 | C32: Gas Turbine A-101 | D32: Corrective | E32: Critical | F32: Cancelled | G32: 2025-05-31 | H32: 2025-05-31 21:44 | K32: 0 | L32: 0 | N32: Fatima Bello | O32: Corrective maintenance on Gas Turbine A-101 | P32: =TEXT(G32,"yyyy-mm") -> 2025-05 | Q32: =IF(tblWO[[#This Row],[Status]]="Completed",1, IF(tblWO[[#This Row],[Status]]="In Progress",2, IF(tblWO[[#This Row],[Status]]="Planned",3, IF(tblWO[[#This Row],[Status]]="Cancelled",4,99)))) -> 4 | R32: =IF(D32="Preventive",1, IF(D32="Inspection",2, IF(D32="Corrective",3, IF(D32="Breakdown",4, IF(D32="Overhaul",5,99))))) -> 3 | S32: =TEXT(G32,"yyyy-mm") -> 2025-05
A33: WO-1031 | B33: EQ-101 | C33: Gas Turbine A-101 | D33: Preventive | E33: Low | F33: Completed | G33: 2025-12-19 | H33: 2025-12-19 21:44 | I33: 2025-12-19 21:44 | J33: 2025-12-20 04:06 | K33: 8.9 | L33: 285065.78 | M33: No Failure | N33: Fatima Bello | O33: Preventive maintenance on Gas Turbine A-101 | P33: =TEXT(G33,"yyyy-mm") -> 2025-12 | Q33: =IF(tblWO[[#This Row],[Status]]="Completed",1, IF(tblWO[[#This Row],[Status]]="In Progress",2, IF(tblWO[[#This Row],[Status]]="Planned",3, IF(tblWO[[#This Row],[Status]]="Cancelled",4,99)))) -> 1 | R33: =IF(D33="Preventive",1, IF(D33="Inspection",2, IF(D33="Corrective",3, IF(D33="Breakdown",4, IF(D33="Overhaul",5,99))))) -> 1 | S33: =TEXT(G33,"yyyy-mm") -> 2025-12
A34: WO-1032 | B34: EQ-101 | C34: Gas Turbine A-101 | D34: Preventive | E34: Medium | F34: In Progress | G34: 2025-01-26 | H34: 2025-01-26 21:44 | K34: 0 | L34: 0 | N34: Amina Ibrahim | O34: Preventive maintenance on Gas Turbine A-101 | P34: =TEXT(G34,"yyyy-mm") -> 2025-01 | Q34: =IF(tblWO[[#This Row],[Status]]="Completed",1, IF(tblWO[[#This Row],[Status]]="In Progress",2, IF(tblWO[[#This Row],[Status]]="Planned",3, IF(tblWO[[#This Row],[Status]]="Cancelled",4,99)))) -> 2 | R34: =IF(D34="Preventive",1, IF(D34="Inspection",2, IF(D34="Corrective",3, IF(D34="Breakdown",4, IF(D34="Overhaul",5,99))))) -> 1 | S34: =TEXT(G34,"yyyy-mm") -> 2025-01
A35: WO-1033 | B35: EQ-101 | C35: Gas Turbine A-101 | D35: Breakdown | E35: Medium | F35: Completed | G35: 2025-09-07 | H35: 2025-09-07 21:44 | I35: 2025-09-07 21:44 | J35: 2025-09-08 18:07 | K35: 19.8 | L35: 276372.68 | M35: Overheating | N35: Tunde Adeleke | O35: Breakdown maintenance on Gas Turbine A-101 | P35: =TEXT(G35,"yyyy-mm") -> 2025-09 | Q35: =IF(tblWO[[#This Row],[Status]]="Completed",1, IF(tblWO[[#This Row],[Status]]="In Progress",2, IF(tblWO[[#This Row],[Status]]="Planned",3, IF(tblWO[[#This Row],[Status]]="Cancelled",4,99)))) -> 1 | R35: =IF(D35="Preventive",1, IF(D35="Inspection",2, IF(D35="Corrective",3, IF(D35="Breakdown",4, IF(D35="Overhaul",5,99))))) -> 4 | S35: =TEXT(G35,"yyyy-mm") -> 2025-09
A36: WO-1034 | B36: EQ-101 | C36: Gas Turbine A-101 | D36: Corrective | E36: Medium | F36: Completed | G36: 2025-12-03 | H36: 2025-12-03 21:44 | I36: 2025-12-03 21:44 | J36: 2025-12-04 16:42 | K36: 12.1 | L36: 433490.07 | M36: Electrical Fault | N36: Emeka Okonkwo | O36: Corrective maintenance on Gas Turbine A-101 | P36: =TEXT(G36,"yyyy-mm") -> 2025-12 | Q36: =IF(tblWO[[#This Row],[Status]]="Completed",1, IF(tblWO[[#This Row],[Status]]="In Progress",2, IF(tblWO[[#This Row],[Status]]="Planned",3, IF(tblWO[[#This Row],[Status]]="Cancelled",4,99)))) -> 1 | R36: =IF(D36="Preventive",1, IF(D36="Inspection",2, IF(D36="Corrective",3, IF(D36="Breakdown",4, IF(D36="Overhaul",5,99))))) -> 3 | S36: =TEXT(G36,"yyyy-mm") -> 2025-12
A37: WO-1035 | B37: EQ-101 | C37: Gas Turbine A-101 | D37: Preventive | E37: High | F37: Completed | G37: 2025-07-30 | H37: 2025-07-30 21:44 | I37: 2025-07-30 21:44 | J37: 2025-07-31 07:36 | K37: 6.4 | L37: 218906.81 | M37: No Failure | N37: Zainab Yusuf | O37: Preventive maintenance on Gas Turbine A-101 | P37: =TEXT(G37,"yyyy-mm") -> 2025-07 | Q37: =IF(tblWO[[#This Row],[Status]]="Completed",1, IF(tblWO[[#This Row],[Status]]="In Progress",2, IF(tblWO[[#This Row],[Status]]="Planned",3, IF(tblWO[[#This Row],[Status]]="Cancelled",4,99)))) -> 1 | R37: =IF(D37="Preventive",1, IF(D37="Inspection",2, IF(D37="Corrective",3, IF(D37="Breakdown",4, IF(D37="Overhaul",5,99))))) -> 1 | S37: =TEXT(G37,"yyyy-mm") -> 2025-07
A38: WO-1036 | B38: EQ-101 | C38: Gas Turbine A-101 | D38: Breakdown | E38: Medium | F38: Completed | G38: 2025-11-24 | H38: 2025-11-24 21:44 | I38: 2025-11-24 21:44 | J38: 2025-11-25 09:08 | K38: 21.4 | L38: 691054.08 | M38: Corrosion | N38: Fatima Bello | O38: Breakdown maintenance on Gas Turbine A-101 | P38: =TEXT(G38,"yyyy-mm") -> 2025-11 | Q38: =IF(tblWO[[#This Row],[Status]]="Completed",1, IF(tblWO[[#This Row],[Status]]="In Progress",2, IF(tblWO[[#This Row],[Status]]="Planned",3, IF(tblWO[[#This Row],[Status]]="Cancelled",4,99)))) -> 1 | R38: =IF(D38="Preventive",1, IF(D38="Inspection",2, IF(D38="Corrective",3, IF(D38="Breakdown",4, IF(D38="Overhaul",5,99))))) -> 4 | S38: =TEXT(G38,"yyyy-mm") -> 2025-11
A39: WO-1037 | B39: EQ-101 | C39: Gas Turbine A-101 | D39: Corrective | E39: Low | F39: Completed | G39: 2025-04-02 | H39: 2025-04-02 21:44 | I39: 2025-04-02 21:44 | J39: 2025-04-03 04:41 | K39: 16.2 | L39: 407395.74 | M39: Vibration | N39: Zainab Yusuf | O39: Corrective maintenance on Gas Turbine A-101 | P39: =TEXT(G39,"yyyy-mm") -> 2025-04 | Q39: =IF(tblWO[[#This Row],[Status]]="Completed",1, IF(tblWO[[#This Row],[Status]]="In Progress",2, IF(tblWO[[#This Row],[Status]]="Planned",3, IF(tblWO[[#This Row],[Status]]="Cancelled",4,99)))) -> 1 | R39: =IF(D39="Preventive",1, IF(D39="Inspection",2, IF(D39="Corrective",3, IF(D39="Breakdown",4, IF(D39="Overhaul",5,99))))) -> 3 | S39: =TEXT(G39,"yyyy-mm") -> 2025-04
A40: WO-1038 | B40: EQ-101 | C40: Gas Turbine A-101 | D40: Preventive | E40: High | F40: Completed | G40: 2025-11-09 | H40: 2025-11-09 21:44 | I40: 2025-11-09 21:44 | J40: 2025-11-10 05:30 | K40: 6 | L40: 86892.84 | M40: No Failure | N40: John Okafor | O40: Preventive maintenance on Gas Turbine A-101 | P40: =TEXT(G40,"yyyy-mm") -> 2025-11 | Q40: =IF(tblWO[[#This Row],[Status]]="Completed",1, IF(tblWO[[#This Row],[Status]]="In Progress",2, IF(tblWO[[#This Row],[Status]]="Planned",3, IF(tblWO[[#This Row],[Status]]="Cancelled",4,99)))) -> 1 | R40: =IF(D40="Preventive",1, IF(D40="Inspection",2, IF(D40="Corrective",3, IF(D40="Breakdown",4, IF(D40="Overhaul",5,99))))) -> 1 | S40: =TEXT(G40,"yyyy-mm") -> 2025-11
A41: WO-1039 | B41: EQ-101 | C41: Gas Turbine A-101 | D41: Inspection | E41: Low | F41: Completed | G41: 2025-02-14 | H41: 2025-02-14 21:44 | I41: 2025-02-14 21:44 | J41: 2025-02-15 01:04 | K41: 3.1 | L41: 57163.99 | M41: No Failure | N41: Fatima Bello | O41: Inspection maintenance on Gas Turbine A-101 | P41: =TEXT(G41,"yyyy-mm") -> 2025-02 | Q41: =IF(tblWO[[#This Row],[Status]]="Completed",1, IF(tblWO[[#This Row],[Status]]="In Progress",2, IF(tblWO[[#This Row],[Status]]="Planned",3, IF(tblWO[[#This Row],[Status]]="Cancelled",4,99)))) -> 1 | R41: =IF(D41="Preventive",1, IF(D41="Inspection",2, IF(D41="Corrective",3, IF(D41="Breakdown",4, IF(D41="Overhaul",5,99))))) -> 2 | S41: =TEXT(G41,"yyyy-mm") -> 2025-02
A42: WO-1040 | B42: EQ-101 | C42: Gas Turbine A-101 | D42: Inspection | E42: Medium | F42: Completed | G42: 2025-02-22 | H42: 2025-02-22 21:44 | I42: 2025-02-22 21:44 | J42: 2025-02-23 00:06 | K42: 4 | L42: 67636.19 | M42: No Failure | N42: Zainab Yusuf | O42: Inspection maintenance on Gas Turbine A-101 | P42: =TEXT(G42,"yyyy-mm") -> 2025-02 | Q42: =IF(tblWO[[#This Row],[Status]]="Completed",1, IF(tblWO[[#This Row],[Status]]="In Progress",2, IF(tblWO[[#This Row],[Status]]="Planned",3, IF(tblWO[[#This Row],[Status]]="Cancelled",4,99)))) -> 1 | R42: =IF(D42="Preventive",1, IF(D42="Inspection",2, IF(D42="Corrective",3, IF(D42="Breakdown",4, IF(D42="Overhaul",5,99))))) -> 2 | S42: =TEXT(G42,"yyyy-mm") -> 2025-02
A43: WO-1041 | B43: EQ-101 | C43: Gas Turbine A-101 | D43: Corrective | E43: Medium | F43: In Progress | G43: 2025-09-06 | H43: 2025-09-06 21:44 | K43: 0 | L43: 0 | N43: Chidi Eze | O43: Corrective maintenance on Gas Turbine A-101 | P43: =TEXT(G43,"yyyy-mm") -> 2025-09 | Q43: =IF(tblWO[[#This Row],[Status]]="Completed",1, IF(tblWO[[#This Row],[Status]]="In Progress",2, IF(tblWO[[#This Row],[Status]]="Planned",3, IF(tblWO[[#This Row],[Status]]="Cancelled",4,99)))) -> 2 | R43: =IF(D43="Preventive",1, IF(D43="Inspection",2, IF(D43="Corrective",3, IF(D43="Breakdown",4, IF(D43="Overhaul",5,99))))) -> 3 | S43: =TEXT(G43,"yyyy-mm") -> 2025-09
A44: WO-1042 | B44: EQ-101 | C44: Gas Turbine A-101 | D44: Breakdown | E44: Medium | F44: Completed | G44: 2025-08-09 | H44: 2025-08-09 21:44 | I44: 2025-08-09 21:44 | J44: 2025-08-10 16:06 | K44: 38.6 | L44: 512779.89 | M44: Control System Error | N44: Fatima Bello | O44: Breakdown maintenance on Gas Turbine A-101 | P44: =TEXT(G44,"yyyy-mm") -> 2025-08 | Q44: =IF(tblWO[[#This Row],[Status]]="Completed",1, IF(tblWO[[#This Row],[Status]]="In Progress",2, IF(tblWO[[#This Row],[Status]]="Planned",3, IF(tblWO[[#This Row],[Status]]="Cancelled",4,99)))) -> 1 | R44: =IF(D44="Preventive",1, IF(D44="Inspection",2, IF(D44="Corrective",3, IF(D44="Breakdown",4, IF(D44="Overhaul",5,99))))) -> 4 | S44: =TEXT(G44,"yyyy-mm") -> 2025-08
A45: WO-1043 | B45: EQ-102 | C45: Centrifugal Pump A-102 | D45: Preventive | E45: High | F45: Completed | G45: 2025-12-22 | H45: 2025-12-22 21:44 | I45: 2025-12-22 21:44 | J45: 2025-12-23 02:36 | K45: 7.4 | L45: 84593.52 | M45: No Failure | N45: Fatima Bello | O45: Preventive maintenance on Centrifugal Pump A-102 | P45: =TEXT(G45,"yyyy-mm") -> 2025-12 | Q45: =IF(tblWO[[#This Row],[Status]]="Completed",1, IF(tblWO[[#This Row],[Status]]="In Progress",2, IF(tblWO[[#This Row],[Status]]="Planned",3, IF(tblWO[[#This Row],[Status]]="Cancelled",4,99)))) -> 1 | R45: =IF(D45="Preventive",1, IF(D45="Inspection",2, IF(D45="Corrective",3, IF(D45="Breakdown",4, IF(D45="Overhaul",5,99))))) -> 1 | S45: =TEXT(G45,"yyyy-mm") -> 2025-12
A46: WO-1044 | B46: EQ-102 | C46: Centrifugal Pump A-102 | D46: Preventive | E46: Medium | F46: Completed | G46: 2025-03-10 | H46: 2025-03-10 21:44 | I46: 2025-03-10 21:44 | J46: 2025-03-11 06:48 | K46: 7.4 | L46: 153943.56 | M46: No Failure | N46: Fatima Bello | O46: Preventive maintenance on Centrifugal Pump A-102 | P46: =TEXT(G46,"yyyy-mm") -> 2025-03 | Q46: =IF(tblWO[[#This Row],[Status]]="Completed",1, IF(tblWO[[#This Row],[Status]]="In Progress",2, IF(tblWO[[#This Row],[Status]]="Planned",3, IF(tblWO[[#This Row],[Status]]="Cancelled",4,99)))) -> 1 | R46: =IF(D46="Preventive",1, IF(D46="Inspection",2, IF(D46="Corrective",3, IF(D46="Breakdown",4, IF(D46="Overhaul",5,99))))) -> 1 | S46: =TEXT(G46,"yyyy-mm") -> 2025-03
A47: WO-1045 | B47: EQ-102 | C47: Centrifugal Pump A-102 | D47: Breakdown | E47: Low | F47: Completed | G47: 2025-10-17 | H47: 2025-10-17 21:44 | I47: 2025-10-17 21:44 | J47: 2025-10-19 19:35 | K47: 31 | L47: 486187.84 | M47: Electrical Fault | N47: Aisha Mohammed | O47: Breakdown maintenance on Centrifugal Pump A-102 | P47: =TEXT(G47,"yyyy-mm") -> 2025-10 | Q47: =IF(tblWO[[#This Row],[Status]]="Completed",1, IF(tblWO[[#This Row],[Status]]="In Progress",2, IF(tblWO[[#This Row],[Status]]="Planned",3, IF(tblWO[[#This Row],[Status]]="Cancelled",4,99)))) -> 1 | R47: =IF(D47="Preventive",1, IF(D47="Inspection",2, IF(D47="Corrective",3, IF(D47="Breakdown",4, IF(D47="Overhaul",5,99))))) -> 4 | S47: =TEXT(G47,"yyyy-mm") -> 2025-10
A48: WO-1046 | B48: EQ-102 | C48: Centrifugal Pump A-102 | D48: Preventive | E48: Medium | F48: Planned | G48: 2025-07-09 | H48: 2025-07-09 21:44 | K48: 0 | L48: 0 | N48: Fatima Bello | O48: Preventive maintenance on Centrifugal Pump A-102 | P48: =TEXT(G48,"yyyy-mm") -> 2025-07 | Q48: =IF(tblWO[[#This Row],[Status]]="Completed",1, IF(tblWO[[#This Row],[Status]]="In Progress",2, IF(tblWO[[#This Row],[Status]]="Planned",3, IF(tblWO[[#This Row],[Status]]="Cancelled",4,99)))) -> 3 | R48: =IF(D48="Preventive",1, IF(D48="Inspection",2, IF(D48="Corrective",3, IF(D48="Breakdown",4, IF(D48="Overhaul",5,99))))) -> 1 | S48: =TEXT(G48,"yyyy-mm") -> 2025-07
A49: WO-1047 | B49: EQ-102 | C49: Centrifugal Pump A-102 | D49: Preventive | E49: High | F49: Completed | G49: 2025-05-10 | H49: 2025-05-10 21:44 | I49: 2025-05-10 21:44 | J49: 2025-05-11 04:06 | K49: 8.8 | L49: 151079.17 | M49: No Failure | N49: Chidi Eze | O49: Preventive maintenance on Centrifugal Pump A-102 | P49: =TEXT(G49,"yyyy-mm") -> 2025-05 | Q49: =IF(tblWO[[#This Row],[Status]]="Completed",1, IF(tblWO[[#This Row],[Status]]="In Progress",2, IF(tblWO[[#This Row],[Status]]="Planned",3, IF(tblWO[[#This Row],[Status]]="Cancelled",4,99)))) -> 1 | R49: =IF(D49="Preventive",1, IF(D49="Inspection",2, IF(D49="Corrective",3, IF(D49="Breakdown",4, IF(D49="Overhaul",5,99))))) -> 1 | S49: =TEXT(G49,"yyyy-mm") -> 2025-05
A50: WO-1048 | B50: EQ-102 | C50: Centrifugal Pump A-102 | D50: Breakdown | E50: Medium | F50: In Progress | G50: 2025-11-05 | H50: 2025-11-05 21:44 | K50: 0 | L50: 0 | N50: John Okafor | O50: Breakdown maintenance on Centrifugal Pump A-102 | P50: =TEXT(G50,"yyyy-mm") -> 2025-11 | Q50: =IF(tblWO[[#This Row],[Status]]="Completed",1, IF(tblWO[[#This Row],[Status]]="In Progress",2, IF(tblWO[[#This Row],[Status]]="Planned",3, IF(tblWO[[#This Row],[Status]]="Cancelled",4,99)))) -> 2 | R50: =IF(D50="Preventive",1, IF(D50="Inspection",2, IF(D50="Corrective",3, IF(D50="Breakdown",4, IF(D50="Overhaul",5,99))))) -> 4 | S50: =TEXT(G50,"yyyy-mm") -> 2025-11
A51: WO-1049 | B51: EQ-102 | C51: Centrifugal Pump A-102 | D51: Preventive | E51: Critical | F51: Completed | G51: 2025-07-29 | H51: 2025-07-29 21:44 | I51: 2025-07-29 21:44 | J51: 2025-07-30 01:06 | K51: 5.8 | L51: 102915.07 | M51: No Failure | N51: Aisha Mohammed | O51: Preventive maintenance on Centrifugal Pump A-102 | P51: =TEXT(G51,"yyyy-mm") -> 2025-07 | Q51: =IF(tblWO[[#This Row],[Status]]="Completed",1, IF(tblWO[[#This Row],[Status]]="In Progress",2, IF(tblWO[[#This Row],[Status]]="Planned",3, IF(tblWO[[#This Row],[Status]]="Cancelled",4,99)))) -> 1 | R51: =IF(D51="Preventive",1, IF(D51="Inspection",2, IF(D51="Corrective",3, IF(D51="Breakdown",4, IF(D51="Overhaul",5,99))))) -> 1 | S51: =TEXT(G51,"yyyy-mm") -> 2025-07
A52: WO-1050 | B52: EQ-102 | C52: Centrifugal Pump A-102 | D52: Preventive | E52: Medium | F52: Planned | G52: 2025-07-04 | H52: 2025-07-04 21:44 | K52: 0 | L52: 0 | N52: Amina Ibrahim | O52: Preventive maintenance on Centrifugal Pump A-102 | P52: =TEXT(G52,"yyyy-mm") -> 2025-07 | Q52: =IF(tblWO[[#This Row],[Status]]="Completed",1, IF(tblWO[[#This Row],[Status]]="In Progress",2, IF(tblWO[[#This Row],[Status]]="Planned",3, IF(tblWO[[#This Row],[Status]]="Cancelled",4,99)))) -> 3 | R52: =IF(D52="Preventive",1, IF(D52="Inspection",2, IF(D52="Corrective",3, IF(D52="Breakdown",4, IF(D52="Overhaul",5,99))))) -> 1 | S52: =TEXT(G52,"yyyy-mm") -> 2025-07
A53: WO-1051 | B53: EQ-102 | C53: Centrifugal Pump A-102 | D53: Preventive | E53: High | F53: Planned | G53: 2025-09-24 | H53: 2025-09-24 21:44 | K53: 0 | L53: 0 | N53: Amina Ibrahim | O53: Preventive maintenance on Centrifugal Pump A-102 | P53: =TEXT(G53,"yyyy-mm") -> 2025-09 | Q53: =IF(tblWO[[#This Row],[Status]]="Completed",1, IF(tblWO[[#This Row],[Status]]="In Progress",2, IF(tblWO[[#This Row],[Status]]="Planned",3, IF(tblWO[[#This Row],[Status]]="Cancelled",4,99)))) -> 3 | R53: =IF(D53="Preventive",1, IF(D53="Inspection",2, IF(D53="Corrective",3, IF(D53="Breakdown",4, IF(D53="Overhaul",5,99))))) -> 1 | S53: =TEXT(G53,"yyyy-mm") -> 2025-09
A54: WO-1052 | B54: EQ-102 | C54: Centrifugal Pump A-102 | D54: Breakdown | E54: High | F54: Planned | G54: 2025-01-11 | H54: 2025-01-11 21:44 | K54: 0 | L54: 0 | N54: John Okafor | O54: Breakdown maintenance on Centrifugal Pump A-102 | P54: =TEXT(G54,"yyyy-mm") -> 2025-01 | Q54: =IF(tblWO[[#This Row],[Status]]="Completed",1, IF(tblWO[[#This Row],[Status]]="In Progress",2, IF(tblWO[[#This Row],[Status]]="Planned",3, IF(tblWO[[#This Row],[Status]]="Cancelled",4,99)))) -> 3 | R54: =IF(D54="Preventive",1, IF(D54="Inspection",2, IF(D54="Corrective",3, IF(D54="Breakdown",4, IF(D54="Overhaul",5,99))))) -> 4 | S54: =TEXT(G54,"yyyy-mm") -> 2025-01
A55: WO-1053 | B55: EQ-102 | C55: Centrifugal Pump A-102 | D55: Corrective | E55: Low | F55: Completed | G55: 2025-02-24 | H55: 2025-02-24 21:44 | I55: 2025-02-24 21:44 | J55: 2025-02-25 11:12 | K55: 13.3 | L55: 202497.48 | M55: Vibration | N55: Aisha Mohammed | O55: Corrective maintenance on Centrifugal Pump A-102 | P55: =TEXT(G55,"yyyy-mm") -> 2025-02 | Q55: =IF(tblWO[[#This Row],[Status]]="Completed",1, IF(tblWO[[#This Row],[Status]]="In Progress",2, IF(tblWO[[#This Row],[Status]]="Planned",3, IF(tblWO[[#This Row],[Status]]="Cancelled",4,99)))) -> 1 | R55: =IF(D55="Preventive",1, IF(D55="Inspection",2, IF(D55="Corrective",3, IF(D55="Breakdown",4, IF(D55="Overhaul",5,99))))) -> 3 | S55: =TEXT(G55,"yyyy-mm") -> 2025-02
A56: WO-1054 | B56: EQ-102 | C56: Centrifugal Pump A-102 | D56: Preventive | E56: Medium | F56: Completed | G56: 2025-10-28 | H56: 2025-10-28 21:44 | I56: 2025-10-28 21:44 | J56: 2025-10-29 09:22 | K56: 3.6 | L56: 127759.73 | M56: No Failure | N56: John Okafor | O56: Preventive maintenance on Centrifugal Pump A-102 | P56: =TEXT(G56,"yyyy-mm") -> 2025-10 | Q56: =IF(tblWO[[#This Row],[Status]]="Completed",1, IF(tblWO[[#This Row],[Status]]="In Progress",2, IF(tblWO[[#This Row],[Status]]="Planned",3, IF(tblWO[[#This Row],[Status]]="Cancelled",4,99)))) -> 1 | R56: =IF(D56="Preventive",1, IF(D56="Inspection",2, IF(D56="Corrective",3, IF(D56="Breakdown",4, IF(D56="Overhaul",5,99))))) -> 1 | S56: =TEXT(G56,"yyyy-mm") -> 2025-10
A57: WO-1055 | B57: EQ-102 | C57: Centrifugal Pump A-102 | D57: Inspection | E57: High | F57: Planned | G57: 2025-10-12 | H57: 2025-10-12 21:44 | K57: 0 | L57: 0 | N57: Fatima Bello | O57: Inspection maintenance on Centrifugal Pump A-102 | P57: =TEXT(G57,"yyyy-mm") -> 2025-10 | Q57: =IF(tblWO[[#This Row],[Status]]="Completed",1, IF(tblWO[[#This Row],[Status]]="In Progress",2, IF(tblWO[[#This Row],[Status]]="Planned",3, IF(tblWO[[#This Row],[Status]]="Cancelled",4,99)))) -> 3 | R57: =IF(D57="Preventive",1, IF(D57="Inspection",2, IF(D57="Corrective",3, IF(D57="Breakdown",4, IF(D57="Overhaul",5,99))))) -> 2 | S57: =TEXT(G57,"yyyy-mm") -> 2025-10
A58: WO-1056 | B58: EQ-102 | C58: Centrifugal Pump A-102 | D58: Preventive | E58: Medium | F58: Completed | G58: 2025-12-10 | H58: 2025-12-10 21:44 | I58: 2025-12-10 21:44 | J58: 2025-12-11 08:03 | K58: 5 | L58: 221064.76 | M58: No Failure | N58: Amina Ibrahim | O58: Preventive maintenance on Centrifugal Pump A-102 | P58: =TEXT(G58,"yyyy-mm") -> 2025-12 | Q58: =IF(tblWO[[#This Row],[Status]]="Completed",1, IF(tblWO[[#This Row],[Status]]="In Progress",2, IF(tblWO[[#This Row],[Status]]="Planned",3, IF(tblWO[[#This Row],[Status]]="Cancelled",4,99)))) -> 1 | R58: =IF(D58="Preventive",1, IF(D58="Inspection",2, IF(D58="Corrective",3, IF(D58="Breakdown",4, IF(D58="Overhaul",5,99))))) -> 1 | S58: =TEXT(G58,"yyyy-mm") -> 2025-12
A59: WO-1057 | B59: EQ-102 | C59: Centrifugal Pump A-102 | D59: Breakdown | E59: High | F59: Completed | G59: 2025-01-12 | H59: 2025-01-12 21:44 | I59: 2025-01-12 21:44 | J59: 2025-01-13 19:38 | K59: 28.2 | L59: 404738.7 | M59: Calibration Drift | N59: Tunde Adeleke | O59: Breakdown maintenance on Centrifugal Pump A-102 | P59: =TEXT(G59,"yyyy-mm") -> 2025-01 | Q59: =IF(tblWO[[#This Row],[Status]]="Completed",1, IF(tblWO[[#This Row],[Status]]="In Progress",2, IF(tblWO[[#This Row],[Status]]="Planned",3, IF(tblWO[[#This Row],[Status]]="Cancelled",4,99)))) -> 1 | R59: =IF(D59="Preventive",1, IF(D59="Inspection",2, IF(D59="Corrective",3, IF(D59="Breakdown",4, IF(D59="Overhaul",5,99))))) -> 4 | S59: =TEXT(G59,"yyyy-mm") -> 2025-01
A60: WO-1058 | B60: EQ-102 | C60: Centrifugal Pump A-102 | D60: Breakdown | E60: Low | F60: Completed | G60: 2025-07-31 | H60: 2025-07-31 21:44 | I60: 2025-07-31 21:44 | J60: 2025-08-02 20:10 | K60: 36.3 | L60: 461292.29 | M60: Bearing Wear | N60: Emeka Okonkwo | O60: Breakdown maintenance on Centrifugal Pump A-102 | P60: =TEXT(G60,"yyyy-mm") -> 2025-07 | Q60: =IF(tblWO[[#This Row],[Status]]="Completed",1, IF(tblWO[[#This Row],[Status]]="In Progress",2, IF(tblWO[[#This Row],[Status]]="Planned",3, IF(tblWO[[#This Row],[Status]]="Cancelled",4,99)))) -> 1 | R60: =IF(D60="Preventive",1, IF(D60="Inspection",2, IF(D60="Corrective",3, IF(D60="Breakdown",4, IF(D60="Overhaul",5,99))))) -> 4 | S60: =TEXT(G60,"yyyy-mm") -> 2025-07
A61: WO-1059 | B61: EQ-102 | C61: Centrifugal Pump A-102 | D61: Corrective | E61: Medium | F61: Completed | G61: 2025-08-26 | H61: 2025-08-26 21:44 | I61: 2025-08-26 21:44 | J61: 2025-08-27 11:02 | K61: 10.4 | L61: 198198.07 | M61: Normal Wear | N61: Amina Ibrahim | O61: Corrective maintenance on Centrifugal Pump A-102 | P61: =TEXT(G61,"yyyy-mm") -> 2025-08 | Q61: =IF(tblWO[[#This Row],[Status]]="Completed",1, IF(tblWO[[#This Row],[Status]]="In Progress",2, IF(tblWO[[#This Row],[Status]]="Planned",3, IF(tblWO[[#This Row],[Status]]="Cancelled",4,99)))) -> 1 | R61: =IF(D61="Preventive",1, IF(D61="Inspection",2, IF(D61="Corrective",3, IF(D61="Breakdown",4, IF(D61="Overhaul",5,99))))) -> 3 | S61: =TEXT(G61,"yyyy-mm") -> 2025-08
A62: WO-1060 | B62: EQ-102 | C62: Centrifugal Pump A-102 | D62: Preventive | E62: Medium | F62: Completed | G62: 2025-08-09 | H62: 2025-08-09 21:44 | I62: 2025-08-09 21:44 | J62: 2025-08-10 02:11 | K62: 5.8 | L62: 57175 | M62: No Failure | N62: Aisha Mohammed | O62: Preventive maintenance on Centrifugal Pump A-102 | P62: =TEXT(G62,"yyyy-mm") -> 2025-08 | Q62: =IF(tblWO[[#This Row],[Status]]="Completed",1, IF(tblWO[[#This Row],[Status]]="In Progress",2, IF(tblWO[[#This Row],[Status]]="Planned",3, IF(tblWO[[#This Row],[Status]]="Cancelled",4,99)))) -> 1 | R62: =IF(D62="Preventive",1, IF(D62="Inspection",2, IF(D62="Corrective",3, IF(D62="Breakdown",4, IF(D62="Overhaul",5,99))))) -> 1 | S62: =TEXT(G62,"yyyy-mm") -> 2025-08
A63: WO-1061 | B63: EQ-102 | C63: Centrifugal Pump A-102 | D63: Preventive | E63: High | F63: Completed | G63: 2025-04-09 | H63: 2025-04-09 21:44 | I63: 2025-04-09 21:44 | J63: 2025-04-10 03:17 | K63: 8 | L63: 270026.84 | M63: No Failure | N63: John Okafor | O63: Preventive maintenance on Centrifugal Pump A-102 | P63: =TEXT(G63,"yyyy-mm") -> 2025-04 | Q63: =IF(tblWO[[#This Row],[Status]]="Completed",1, IF(tblWO[[#This Row],[Status]]="In Progress",2, IF(tblWO[[#This Row],[Status]]="Planned",3, IF(tblWO[[#This Row],[Status]]="Cancelled",4,99)))) -> 1 | R63: =IF(D63="Preventive",1, IF(D63="Inspection",2, IF(D63="Corrective",3, IF(D63="Breakdown",4, IF(D63="Overhaul",5,99))))) -> 1 | S63: =TEXT(G63,"yyyy-mm") -> 2025-04
A64: WO-1062 | B64: EQ-103 | C64: Storage Tank A-103 | D64: Inspection | E64: Medium | F64: Completed | G64: 2025-02-03 | H64: 2025-02-03 21:44 | I64: 2025-02-03 21:44 | J64: 2025-02-03 23:28 | K64: 1.7 | L64: 58087.45 | M64: No Failure | N64: Zainab Yusuf | O64: Inspection maintenance on Storage Tank A-103 | P64: =TEXT(G64,"yyyy-mm") -> 2025-02 | Q64: =IF(tblWO[[#This Row],[Status]]="Completed",1, IF(tblWO[[#This Row],[Status]]="In Progress",2, IF(tblWO[[#This Row],[Status]]="Planned",3, IF(tblWO[[#This Row],[Status]]="Cancelled",4,99)))) -> 1 | R64: =IF(D64="Preventive",1, IF(D64="Inspection",2, IF(D64="Corrective",3, IF(D64="Breakdown",4, IF(D64="Overhaul",5,99))))) -> 2 | S64: =TEXT(G64,"yyyy-mm") -> 2025-02
A65: WO-1063 | B65: EQ-103 | C65: Storage Tank A-103 | D65: Preventive | E65: Medium | F65: Completed | G65: 2024-12-30 | H65: 2024-12-30 21:44 | I65: 2024-12-30 21:44 | J65: 2024-12-31 00:40 | K65: 5.1 | L65: 195388.9 | M65: No Failure | N65: Zainab Yusuf | O65: Preventive maintenance on Storage Tank A-103 | P65: =TEXT(G65,"yyyy-mm") -> 2024-12 | Q65: =IF(tblWO[[#This Row],[Status]]="Completed",1, IF(tblWO[[#This Row],[Status]]="In Progress",2, IF(tblWO[[#This Row],[Status]]="Planned",3, IF(tblWO[[#This Row],[Status]]="Cancelled",4,99)))) -> 1 | R65: =IF(D65="Preventive",1, IF(D65="Inspection",2, IF(D65="Corrective",3, IF(D65="Breakdown",4, IF(D65="Overhaul",5,99))))) -> 1 | S65: =TEXT(G65,"yyyy-mm") -> 2024-12
A66: WO-1064 | B66: EQ-103 | C66: Storage Tank A-103 | D66: Corrective | E66: High | F66: Completed | G66: 2025-07-27 | H66: 2025-07-27 21:44 | I66: 2025-07-27 21:44 | J66: 2025-07-28 21:40 | K66: 13.1 | L66: 222649.2 | M66: Leakage | N66: Fatima Bello | O66: Corrective maintenance on Storage Tank A-103 | P66: =TEXT(G66,"yyyy-mm") -> 2025-07 | Q66: =IF(tblWO[[#This Row],[Status]]="Completed",1, IF(tblWO[[#This Row],[Status]]="In Progress",2, IF(tblWO[[#This Row],[Status]]="Planned",3, IF(tblWO[[#This Row],[Status]]="Cancelled",4,99)))) -> 1 | R66: =IF(D66="Preventive",1, IF(D66="Inspection",2, IF(D66="Corrective",3, IF(D66="Breakdown",4, IF(D66="Overhaul",5,99))))) -> 3 | S66: =TEXT(G66,"yyyy-mm") -> 2025-07
A67: WO-1065 | B67: EQ-103 | C67: Storage Tank A-103 | D67: Preventive | E67: Low | F67: Completed | G67: 2025-03-30 | H67: 2025-03-30 21:44 | I67: 2025-03-30 21:44 | J67: 2025-03-31 02:54 | K67: 8.9 | L67: 97885.24 | M67: No Failure | N67: Zainab Yusuf | O67: Preventive maintenance on Storage Tank A-103 | P67: =TEXT(G67,"yyyy-mm") -> 2025-03 | Q67: =IF(tblWO[[#This Row],[Status]]="Completed",1, IF(tblWO[[#This Row],[Status]]="In Progress",2, IF(tblWO[[#This Row],[Status]]="Planned",3, IF(tblWO[[#This Row],[Status]]="Cancelled",4,99)))) -> 1 | R67: =IF(D67="Preventive",1, IF(D67="Inspection",2, IF(D67="Corrective",3, IF(D67="Breakdown",4, IF(D67="Overhaul",5,99))))) -> 1 | S67: =TEXT(G67,"yyyy-mm") -> 2025-03
A68: WO-1066 | B68: EQ-103 | C68: Storage Tank A-103 | D68: Preventive | E68: High | F68: Completed | G68: 2025-10-19 | H68: 2025-10-19 21:44 | I68: 2025-10-19 21:44 | J68: 2025-10-20 09:30 | K68: 3 | L68: 98529.39 | M68: No Failure | N68: Fatima Bello | O68: Preventive maintenance on Storage Tank A-103 | P68: =TEXT(G68,"yyyy-mm") -> 2025-10 | Q68: =IF(tblWO[[#This Row],[Status]]="Completed",1, IF(tblWO[[#This Row],[Status]]="In Progress",2, IF(tblWO[[#This Row],[Status]]="Planned",3, IF(tblWO[[#This Row],[Status]]="Cancelled",4,99)))) -> 1 | R68: =IF(D68="Preventive",1, IF(D68="Inspection",2, IF(D68="Corrective",3, IF(D68="Breakdown",4, IF(D68="Overhaul",5,99))))) -> 1 | S68: =TEXT(G68,"yyyy-mm") -> 2025-10
A69: WO-1067 | B69: EQ-103 | C69: Storage Tank A-103 | D69: Preventive | E69: High | F69: Completed | G69: 2025-05-25 | H69: 2025-05-25 21:44 | I69: 2025-05-25 21:44 | J69: 2025-05-25 23:53 | K69: 11.7 | L69: 188339.74 | M69: No Failure | N69: Chidi Eze | O69: Preventive maintenance on Storage Tank A-103 | P69: =TEXT(G69,"yyyy-mm") -> 2025-05 | Q69: =IF(tblWO[[#This Row],[Status]]="Completed",1, IF(tblWO[[#This Row],[Status]]="In Progress",2, IF(tblWO[[#This Row],[Status]]="Planned",3, IF(tblWO[[#This Row],[Status]]="Cancelled",4,99)))) -> 1 | R69: =IF(D69="Preventive",1, IF(D69="Inspection",2, IF(D69="Corrective",3, IF(D69="Breakdown",4, IF(D69="Overhaul",5,99))))) -> 1 | S69: =TEXT(G69,"yyyy-mm") -> 2025-05
... A75: WO-1073 | B75: EQ-103 | C75: Storage Tank A-103 | D75: Corrective | E75: Medium | F75: Completed | G75: 2024-12-23 | H75: 2024-12-23 21:44 | I75: 2024-12-23 21:44 | J75: 2024-12-24 09:54 | K75: 4.7 | L75: 215241.96 | M75: Corrosion | N75: Emeka Okonkwo | O75: Corrective maintenance on Storage Tank A-103 | P75: =TEXT(G75,"yyyy-mm") -> 2024-12 | Q75: =IF(tblWO[[#This Row],[Status]]="Completed",1, IF(tblWO[[#This Row],[Status]]="In Progress",2, IF(tblWO[[#This Row],[Status]]="Planned",3, IF(tblWO[[#This Row],[Status]]="Cancelled",4,99)))) -> 1 | R75: =IF(D75="Preventive",1, IF(D75="Inspection",2, IF(D75="Corrective",3, IF(D75="Breakdown",4, IF(D75="Overhaul",5,99))))) -> 3 | S75: =TEXT(G75,"yyyy-mm") -> 2024-12
A76: WO-1074 | B76: EQ-103 | C76: Storage Tank A-103 | D76: Breakdown | E76: Medium | F76: In Progress | G76: 2025-01-27 | H76: 2025-01-27 21:44 | K76: 0 | L76: 0 | N76: Fatima Bello | O76: Breakdown maintenance on Storage Tank A-103 | P76: =TEXT(G76,"yyyy-mm") -> 2025-01 | Q76: =IF(tblWO[[#This Row],[Status]]="Completed",1, IF(tblWO[[#This Row],[Status]]="In Progress",2, IF(tblWO[[#This Row],[Status]]="Planned",3, IF(tblWO[[#This Row],[Status]]="Cancelled",4,99)))) -> 2 | R76: =IF(D76="Preventive",1, IF(D76="Inspection",2, IF(D76="Corrective",3, IF(D76="Breakdown",4, IF(D76="Overhaul",5,99))))) -> 4 | S76: =TEXT(G76,"yyyy-mm") -> 2025-01
A77: WO-1075 | B77: EQ-103 | C77: Storage Tank A-103 | D77: Preventive | E77: High | F77: Completed | G77: 2025-09-26 | H77: 2025-09-26 21:44 | I77: 2025-09-26 21:44 | J77: 2025-09-27 01:59 | K77: 3.4 | L77: 64909.51 | M77: No Failure | N77: Emeka Okonkwo | O77: Preventive maintenance on Storage Tank A-103 | P77: =TEXT(G77,"yyyy-mm") -> 2025-09 | Q77: =IF(tblWO[[#This Row],[Status]]="Completed",1, IF(tblWO[[#This Row],[Status]]="In Progress",2, IF(tblWO[[#This Row],[Status]]="Planned",3, IF(tblWO[[#This Row],[Status]]="Cancelled",4,99)))) -> 1 | R77: =IF(D77="Preventive",1, IF(D77="Inspection",2, IF(D77="Corrective",3, IF(D77="Breakdown",4, IF(D77="Overhaul",5,99))))) -> 1 | S77: =TEXT(G77,"yyyy-mm") -> 2025-09
A78: WO-1076 | B78: EQ-103 | C78: Storage Tank A-103 | D78: Corrective | E78: High | F78: Completed | G78: 2025-05-18 | H78: 2025-05-18 21:44 | I78: 2025-05-18 21:44 | J78: 2025-05-19 10:31 | K78: 12.1 | L78: 208898.48 | M78: Calibration Drift | N78: Zainab Yusuf | O78: Corrective maintenance on Storage Tank A-103 | P78: =TEXT(G78,"yyyy-mm") -> 2025-05 | Q78: =IF(tblWO[[#This Row],[Status]]="Completed",1, IF(tblWO[[#This Row],[Status]]="In Progress",2, IF(tblWO[[#This Row],[Status]]="Planned",3, IF(tblWO[[#This Row],[Status]]="Cancelled",4,99)))) -> 1 | R78: =IF(D78="Preventive",1, IF(D78="Inspection",2, IF(D78="Corrective",3, IF(D78="Breakdown",4, IF(D78="Overhaul",5,99))))) -> 3 | S78: =TEXT(G78,"yyyy-mm") -> 2025-05
A79: WO-1077 | B79: EQ-103 | C79: Storage Tank A-103 | D79: Preventive | E79: High | F79: Completed | G79: 2025-10-24 | H79: 2025-10-24 21:44 | I79: 2025-10-24 21:44 | J79: 2025-10-25 00:08 | K79: 4.5 | L79: 72831.72 | M79: No Failure | N79: John Okafor | O79: Preventive maintenance on Storage Tank A-103 | P79: =TEXT(G79,"yyyy-mm") -> 2025-10 | Q79: =IF(tblWO[[#This Row],[Status]]="Completed",1, IF(tblWO[[#This Row],[Status]]="In Progress",2, IF(tblWO[[#This Row],[Status]]="Planned",3, IF(tblWO[[#This Row],[Status]]="Cancelled",4,99)))) -> 1 | R79: =IF(D79="Preventive",1, IF(D79="Inspection",2, IF(D79="Corrective",3, IF(D79="Breakdown",4, IF(D79="Overhaul",5,99))))) -> 1 | S79: =TEXT(G79,"yyyy-mm") -> 2025-10
A80: WO-1078 | B80: EQ-103 | C80: Storage Tank A-103 | D80: Overhaul | E80: Medium | F80: Completed | G80: 2025-12-01 | H80: 2025-12-01 21:44 | I80: 2025-12-01 21:44 | J80: 2025-12-06 04:36 | K80: 40.8 | L80: 1018963.8 | M80: Normal Wear | N80: Zainab Yusuf | O80: Overhaul maintenance on Storage Tank A-103 | P80: =TEXT(G80,"yyyy-mm") -> 2025-12 | Q80: =IF(tblWO[[#This Row],[Status]]="Completed",1, IF(tblWO[[#This Row],[Status]]="In Progress",2, IF(tblWO[[#This Row],[Status]]="Planned",3, IF(tblWO[[#This Row],[Status]]="Cancelled",4,99)))) -> 1 | R80: =IF(D80="Preventive",1, IF(D80="Inspection",2, IF(D80="Corrective",3, IF(D80="Breakdown",4, IF(D80="Overhaul",5,99))))) -> 5 | S80: =TEXT(G80,"yyyy-mm") -> 2025-12
A81: WO-1079 | B81: EQ-103 | C81: Storage Tank A-103 | D81: Inspection | E81: Low | F81: Completed | G81: 2025-03-24 | H81: 2025-03-24 21:44 | I81: 2025-03-24 21:44 | J81: 2025-03-25 01:44 | K81: 3.9 | L81: 57600.83 | M81: No Failure | N81: Tunde Adeleke | O81: Inspection maintenance on Storage Tank A-103 | P81: =TEXT(G81,"yyyy-mm") -> 2025-03 | Q81: =IF(tblWO[[#This Row],[Status]]="Completed",1, IF(tblWO[[#This Row],[Status]]="In Progress",2, IF(tblWO[[#This Row],[Status]]="Planned",3, IF(tblWO[[#This Row],[Status]]="Cancelled",4,99)))) -> 1 | R81: =IF(D81="Preventive",1, IF(D81="Inspection",2, IF(D81="Corrective",3, IF(D81="Breakdown",4, IF(D81="Overhaul",5,99))))) -> 2 | S81: =TEXT(G81,"yyyy-mm") -> 2025-03
A82: WO-1080 | B82: EQ-103 | C82: Storage Tank A-103 | D82: Preventive | E82: Medium | F82: Completed | G82: 2025-11-30 | H82: 2025-11-30 21:44 | I82: 2025-11-30 21:44 | J82: 2025-12-01 00:47 | K82: 7 | L82: 215645.88 | M82: No Failure | N82: Tunde Adeleke | O82: Preventive maintenance on Storage Tank A-103 | P82: =TEXT(G82,"yyyy-mm") -> 2025-11 | Q82: =IF(tblWO[[#This Row],[Status]]="Completed",1, IF(tblWO[[#This Row],[Status]]="In Progress",2, IF(tblWO[[#This Row],[Status]]="Planned",3, IF(tblWO[[#This Row],[Status]]="Cancelled",4,99)))) -> 1 | R82: =IF(D82="Preventive",1, IF(D82="Inspection",2, IF(D82="Corrective",3, IF(D82="Breakdown",4, IF(D82="Overhaul",5,99))))) -> 1 | S82: =TEXT(G82,"yyyy-mm") -> 2025-11
A83: WO-1081 | B83: EQ-103 | C83: Storage Tank A-103 | D83: Breakdown | E83: High | F83: Completed | G83: 2025-01-09 | H83: 2025-01-09 21:44 | I83: 2025-01-09 21:44 | J83: 2025-01-10 23:56 | K83: 46.8 | L83: 442505.03 | M83: Normal Wear | N83: John Okafor | O83: Breakdown maintenance on Storage Tank A-103 | P83: =TEXT(G83,"yyyy-mm") -> 2025-01 | Q83: =IF(tblWO[[#This Row],[Status]]="Completed",1, IF(tblWO[[#This Row],[Status]]="In Progress",2, IF(tblWO[[#This Row],[Status]]="Planned",3, IF(tblWO[[#This Row],[Status]]="Cancelled",4,99)))) -> 1 | R83: =IF(D83="Preventive",1, IF(D83="Inspection",2, IF(D83="Corrective",3, IF(D83="Breakdown",4, IF(D83="Overhaul",5,99))))) -> 4 | S83: =TEXT(G83,"yyyy-mm") -> 2025-01
A84: WO-1082 | B84: EQ-103 | C84: Storage Tank A-103 | D84: Corrective | E84: High | F84: Completed | G84: 2025-08-15 | H84: 2025-08-15 21:44 | I84: 2025-08-15 21:44 | J84: 2025-08-16 10:00 | K84: 19.1 | L84: 350163.5 | M84: Normal Wear | N84: John Okafor | O84: Corrective maintenance on Storage Tank A-103 | P84: =TEXT(G84,"yyyy-mm") -> 2025-08 | Q84: =IF(tblWO[[#This Row],[Status]]="Completed",1, IF(tblWO[[#This Row],[Status]]="In Progress",2, IF(tblWO[[#This Row],[Status]]="Planned",3, IF(tblWO[[#This Row],[Status]]="Cancelled",4,99)))) -> 1 | R84: =IF(D84="Preventive",1, IF(D84="Inspection",2, IF(D84="Corrective",3, IF(D84="Breakdown",4, IF(D84="Overhaul",5,99))))) -> 3 | S84: =TEXT(G84,"yyyy-mm") -> 2025-08
A85: WO-1083 | B85: EQ-103 | C85: Storage Tank A-103 | D85: Preventive | E85: Low | F85: Completed | G85: 2025-09-29 | H85: 2025-09-29 21:44 | I85: 2025-09-29 21:44 | J85: 2025-09-30 01:03 | K85: 6.8 | L85: 57217.36 | M85: No Failure | N85: Fatima Bello | O85: Preventive maintenance on Storage Tank A-103 | P85: =TEXT(G85,"yyyy-mm") -> 2025-09 | Q85: =IF(tblWO[[#This Row],[Status]]="Completed",1, IF(tblWO[[#This Row],[Status]]="In Progress",2, IF(tblWO[[#This Row],[Status]]="Planned",3, IF(tblWO[[#This Row],[Status]]="Cancelled",4,99)))) -> 1 | R85: =IF(D85="Preventive",1, IF(D85="Inspection",2, IF(D85="Corrective",3, IF(D85="Breakdown",4, IF(D85="Overhaul",5,99))))) -> 1 | S85: =TEXT(G85,"yyyy-mm") -> 2025-09
A86: WO-1084 | B86: EQ-103 | C86: Storage Tank A-103 | D86: Breakdown | E86: High | F86: Completed | G86: 2025-09-30 | H86: 2025-09-30 21:44 | I86: 2025-09-30 21:44 | J86: 2025-10-01 06:17 | K86: 41.7 | L86: 268076.67 | M86: Overheating | N86: Amina Ibrahim | O86: Breakdown maintenance on Storage Tank A-103 | P86: =TEXT(G86,"yyyy-mm") -> 2025-09 | Q86: =IF(tblWO[[#This Row],[Status]]="Completed",1, IF(tblWO[[#This Row],[Status]]="In Progress",2, IF(tblWO[[#This Row],[Status]]="Planned",3, IF(tblWO[[#This Row],[Status]]="Cancelled",4,99)))) -> 1 | R86: =IF(D86="Preventive",1, IF(D86="Inspection",2, IF(D86="Corrective",3, IF(D86="Breakdown",4, IF(D86="Overhaul",5,99))))) -> 4 | S86: =TEXT(G86,"yyyy-mm") -> 2025-09
A87: WO-1085 | B87: EQ-104 | C87: Control Valve A-104 | D87: Breakdown | E87: Low | F87: Completed | G87: 2025-05-20 | H87: 2025-05-20 21:44 | I87: 2025-05-20 21:44 | J87: 2025-05-22 02:06 | K87: 47.2 | L87: 346238.54 | M87: Control System Error | N87: Chidi Eze | O87: Breakdown maintenance on Control Valve A-104 | P87: =TEXT(G87,"yyyy-mm") -> 2025-05 | Q87: =IF(tblWO[[#This Row],[Status]]="Completed",1, IF(tblWO[[#This Row],[Status]]="In Progress",2, IF(tblWO[[#This Row],[Status]]="Planned",3, IF(tblWO[[#This Row],[Status]]="Cancelled",4,99)))) -> 1 | R87: =IF(D87="Preventive",1, IF(D87="Inspection",2, IF(D87="Corrective",3, IF(D87="Breakdown",4, IF(D87="Overhaul",5,99))))) -> 4 | S87: =TEXT(G87,"yyyy-mm") -> 2025-05
A88: WO-1086 | B88: EQ-104 | C88: Control Valve A-104 | D88: Preventive | E88: Low | F88: In Progress | G88: 2025-10-24 | H88: 2025-10-24 21:44 | K88: 0 | L88: 0 | N88: Emeka Okonkwo | O88: Preventive maintenance on Control Valve A-104 | P88: =TEXT(G88,"yyyy-mm") -> 2025-10 | Q88: =IF(tblWO[[#This Row],[Status]]="Completed",1, IF(tblWO[[#This Row],[Status]]="In Progress",2, IF(tblWO[[#This Row],[Status]]="Planned",3, IF(tblWO[[#This Row],[Status]]="Cancelled",4,99)))) -> 2 | R88: =IF(D88="Preventive",1, IF(D88="Inspection",2, IF(D88="Corrective",3, IF(D88="Breakdown",4, IF(D88="Overhaul",5,99))))) -> 1 | S88: =TEXT(G88,"yyyy-mm") -> 2025-10
A89: WO-1087 | B89: EQ-104 | C89: Control Valve A-104 | D89: Breakdown | E89: Low | F89: Completed | G89: 2025-06-14 | H89: 2025-06-14 21:44 | I89: 2025-06-14 21:44 | J89: 2025-06-16 19:06 | K89: 19.3 | L89: 379133.51 | M89: Electrical Fault | N89: Zainab Yusuf | O89: Breakdown maintenance on Control Valve A-104 | P89: =TEXT(G89,"yyyy-mm") -> 2025-06 | Q89: =IF(tblWO[[#This Row],[Status]]="Completed",1, IF(tblWO[[#This Row],[Status]]="In Progress",2, IF(tblWO[[#This Row],[Status]]="Planned",3, IF(tblWO[[#This Row],[Status]]="Cancelled",4,99)))) -> 1 | R89: =IF(D89="Preventive",1, IF(D89="Inspection",2, IF(D89="Corrective",3, IF(D89="Breakdown",4, IF(D89="Overhaul",5,99))))) -> 4 | S89: =TEXT(G89,"yyyy-mm") -> 2025-06
A90: WO-1088 | B90: EQ-104 | C90: Control Valve A-104 | D90: Inspection | E90: Medium | F90: Completed | G90: 2025-08-07 | H90: 2025-08-07 21:44 | I90: 2025-08-07 21:44 | J90: 2025-08-08 00:21 | K90: 2.6 | L90: 56427.57 | M90: No Failure | N90: Aisha Mohammed | O90: Inspection maintenance on Control Valve A-104 | P90: =TEXT(G90,"yyyy-mm") -> 2025-08 | Q90: =IF(tblWO[[#This Row],[Status]]="Completed",1, IF(tblWO[[#This Row],[Status]]="In Progress",2, IF(tblWO[[#This Row],[Status]]="Planned",3, IF(tblWO[[#This Row],[Status]]="Cancelled",4,99)))) -> 1 | R90: =IF(D90="Preventive",1, IF(D90="Inspection",2, IF(D90="Corrective",3, IF(D90="Breakdown",4, IF(D90="Overhaul",5,99))))) -> 2 | S90: =TEXT(G90,"yyyy-mm") -> 2025-08
A91: WO-1089 | B91: EQ-104 | C91: Control Valve A-104 | D91: Inspection | E91: Low | F91: Completed | G91: 2025-12-14 | H91: 2025-12-14 21:44 | I91: 2025-12-14 21:44 | J91: 2025-12-14 23:27 | K91: 2.2 | L91: 45454.11 | M91: No Failure | N91: Zainab Yusuf | O91: Inspection maintenance on Control Valve A-104 | P91: =TEXT(G91,"yyyy-mm") -> 2025-12 | Q91: =IF(tblWO[[#This Row],[Status]]="Completed",1, IF(tblWO[[#This Row],[Status]]="In Progress",2, IF(tblWO[[#This Row],[Status]]="Planned",3, IF(tblWO[[#This Row],[Status]]="Cancelled",4,99)))) -> 1 | R91: =IF(D91="Preventive",1, IF(D91="Inspection",2, IF(D91="Corrective",3, IF(D91="Breakdown",4, IF(D91="Overhaul",5,99))))) -> 2 | S91: =TEXT(G91,"yyyy-mm") -> 2025-12
A92: WO-1090 | B92: EQ-104 | C92: Control Valve A-104 | D92: Breakdown | E92: Medium | F92: Completed | G92: 2025-07-07 | H92: 2025-07-07 21:44 | I92: 2025-07-07 21:44 | J92: 2025-07-09 21:16 | K92: 14.1 | L92: 778894.66 | M92: Electrical Fault | N92: Chidi Eze | O92: Breakdown maintenance on Control Valve A-104 | P92: =TEXT(G92,"yyyy-mm") -> 2025-07 | Q92: =IF(tblWO[[#This Row],[Status]]="Completed",1, IF(tblWO[[#This Row],[Status]]="In Progress",2, IF(tblWO[[#This Row],[Status]]="Planned",3, IF(tblWO[[#This Row],[Status]]="Cancelled",4,99)))) -> 1 | R92: =IF(D92="Preventive",1, IF(D92="Inspection",2, IF(D92="Corrective",3, IF(D92="Breakdown",4, IF(D92="Overhaul",5,99))))) -> 4 | S92: =TEXT(G92,"yyyy-mm") -> 2025-07
A93: WO-1091 | B93: EQ-104 | C93: Control Valve A-104 | D93: Corrective | E93: Medium | F93: In Progress | G93: 2025-06-09 | H93: 2025-06-09 21:44 | K93: 0 | L93: 0 | N93: Zainab Yusuf | O93: Corrective maintenance on Control Valve A-104 | P93: =TEXT(G93,"yyyy-mm") -> 2025-06 | Q93: =IF(tblWO[[#This Row],[Status]]="Completed",1, IF(tblWO[[#This Row],[Status]]="In Progress",2, IF(tblWO[[#This Row],[Status]]="Planned",3, IF(tblWO[[#This Row],[Status]]="Cancelled",4,99)))) -> 2 | R93: =IF(D93="Preventive",1, IF(D93="Inspection",2, IF(D93="Corrective",3, IF(D93="Breakdown",4, IF(D93="Overhaul",5,99))))) -> 3 | S93: =TEXT(G93,"yyyy-mm") -> 2025-06
A94: WO-1092 | B94: EQ-104 | C94: Control Valve A-104 | D94: Preventive | E94: High | F94: Completed | G94: 2025-03-05 | H94: 2025-03-05 21:44 | I94: 2025-03-05 21:44 | J94: 2025-03-06 03:50 | K94: 6.7 | L94: 292300.91 | M94: No Failure | N94: Aisha Mohammed | O94: Preventive maintenance on Control Valve A-104 | P94: =TEXT(G94,"yyyy-mm") -> 2025-03 | Q94: =IF(tblWO[[#This Row],[Status]]="Completed",1, IF(tblWO[[#This Row],[Status]]="In Progress",2, IF(tblWO[[#This Row],[Status]]="Planned",3, IF(tblWO[[#This Row],[Status]]="Cancelled",4,99)))) -> 1 | R94: =IF(D94="Preventive",1, IF(D94="Inspection",2, IF(D94="Corrective",3, IF(D94="Breakdown",4, IF(D94="Overhaul",5,99))))) -> 1 | S94: =TEXT(G94,"yyyy-mm") -> 2025-03
A95: WO-1093 | B95: EQ-105 | C95: Electric Motor A-105 | D95: Corrective | E95: High | F95: Completed | G95: 2025-12-02 | H95: 2025-12-02 21:44 | I95: 2025-12-02 21:44 | J95: 2025-12-03 18:55 | K95: 18.4 | L95: 403760.72 | M95: Leakage | N95: John Okafor | O95: Corrective maintenance on Electric Motor A-105 | P95: =TEXT(G95,"yyyy-mm") -> 2025-12 | Q95: =IF(tblWO[[#This Row],[Status]]="Completed",1, IF(tblWO[[#This Row],[Status]]="In Progress",2, IF(tblWO[[#This Row],[Status]]="Planned",3, IF(tblWO[[#This Row],[Status]]="Cancelled",4,99)))) -> 1 | R95: =IF(D95="Preventive",1, IF(D95="Inspection",2, IF(D95="Corrective",3, IF(D95="Breakdown",4, IF(D95="Overhaul",5,99))))) -> 3 | S95: =TEXT(G95,"yyyy-mm") -> 2025-12
A96: WO-1094 | B96: EQ-105 | C96: Electric Motor A-105 | D96: Corrective | E96: High | F96: Completed | G96: 2025-11-10 | H96: 2025-11-10 21:44 | I96: 2025-11-10 21:44 | J96: 2025-11-11 15:25 | K96: 5.8 | L96: 491335.09 | M96: Vibration | N96: Amina Ibrahim | O96: Corrective maintenance on Electric Motor A-105 | P96: =TEXT(G96,"yyyy-mm") -> 2025-11 | Q96: =IF(tblWO[[#This Row],[Status]]="Completed",1, IF(tblWO[[#This Row],[Status]]="In Progress",2, IF(tblWO[[#This Row],[Status]]="Planned",3, IF(tblWO[[#This Row],[Status]]="Cancelled",4,99)))) -> 1 | R96: =IF(D96="Preventive",1, IF(D96="Inspection",2, IF(D96="Corrective",3, IF(D96="Breakdown",4, IF(D96="Overhaul",5,99))))) -> 3 | S96: =TEXT(G96,"yyyy-mm") -> 2025-11
A97: WO-1095 | B97: EQ-105 | C97: Electric Motor A-105 | D97: Preventive | E97: High | F97: Completed | G97: 2025-12-12 | H97: 2025-12-12 21:44 | I97: 2025-12-12 21:44 | J97: 2025-12-13 02:44 | K97: 2.6 | L97: 139615.84 | M97: No Failure | N97: Tunde Adeleke | O97: Preventive maintenance on Electric Motor A-105 | P97: =TEXT(G97,"yyyy-mm") -> 2025-12 | Q97: =IF(tblWO[[#This Row],[Status]]="Completed",1, IF(tblWO[[#This Row],[Status]]="In Progress",2, IF(tblWO[[#This Row],[Status]]="Planned",3, IF(tblWO[[#This Row],[Status]]="Cancelled",4,99)))) -> 1 | R97: =IF(D97="Preventive",1, IF(D97="Inspection",2, IF(D97="Corrective",3, IF(D97="Breakdown",4, IF(D97="Overhaul",5,99))))) -> 1 | S97: =TEXT(G97,"yyyy-mm") -> 2025-12
A98: WO-1096 | B98: EQ-105 | C98: Electric Motor A-105 | D98: Preventive | E98: High | F98: Completed | G98: 2025-09-19 | H98: 2025-09-19 21:44 | I98: 2025-09-19 21:44 | J98: 2025-09-20 03:51 | K98: 3.8 | L98: 202372.95 | M98: No Failure | N98: Tunde Adeleke | O98: Preventive maintenance on Electric Motor A-105 | P98: =TEXT(G98,"yyyy-mm") -> 2025-09 | Q98: =IF(tblWO[[#This Row],[Status]]="Completed",1, IF(tblWO[[#This Row],[Status]]="In Progress",2, IF(tblWO[[#This Row],[Status]]="Planned",3, IF(tblWO[[#This Row],[Status]]="Cancelled",4,99)))) -> 1 | R98: =IF(D98="Preventive",1, IF(D98="Inspection",2, IF(D98="Corrective",3, IF(D98="Breakdown",4, IF(D98="Overhaul",5,99))))) -> 1 | S98: =TEXT(G98,"yyyy-mm") -> 2025-09
A99: WO-1097 | B99: EQ-105 | C99: Electric Motor A-105 | D99: Corrective | E99: Medium | F99: Completed | G99: 2025-09-02 | H99: 2025-09-02 21:44 | I99: 2025-09-02 21:44 | J99: 2025-09-03 20:00 | K99: 9.1 | L99: 202130.68 | M99: Vibration | N99: John Okafor | O99: Corrective maintenance on Electric Motor A-105 | P99: =TEXT(G99,"yyyy-mm") -> 2025-09 | Q99: =IF(tblWO[[#This Row],[Status]]="Completed",1, IF(tblWO[[#This Row],[Status]]="In Progress",2, IF(tblWO[[#This Row],[Status]]="Planned",3, IF(tblWO[[#This Row],[Status]]="Cancelled",4,99)))) -> 1 | R99: =IF(D99="Preventive",1, IF(D99="Inspection",2, IF(D99="Corrective",3, IF(D99="Breakdown",4, IF(D99="Overhaul",5,99))))) -> 3 | S99: =TEXT(G99,"yyyy-mm") -> 2025-09
A100: WO-1098 | B100: EQ-105 | C100: Electric Motor A-105 | D100: Inspection | E100: High | F100: Completed | G100: 2025-08-17 | H100: 2025-08-17 21:44 | I100: 2025-08-17 21:44 | J100: 2025-08-18 01:26 | K100: 2.3 | L100: 47645.25 | M100: No Failure | N100: Emeka Okonkwo | O100: Inspection maintenance on Electric Motor A-105 | P100: =TEXT(G100,"yyyy-mm") -> 2025-08 | Q100: =IF(tblWO[[#This Row],[Status]]="Completed",1, IF(tblWO[[#This Row],[Status]]="In Progress",2, IF(tblWO[[#This Row],[Status]]="Planned",3, IF(tblWO[[#This Row],[Status]]="Cancelled",4,99)))) -> 1 | R100: =IF(D100="Preventive",1, IF(D100="Inspection",2, IF(D100="Corrective",3, IF(D100="Breakdown",4, IF(D100="Overhaul",5,99))))) -> 2 | S100: =TEXT(G100,"yyyy-mm") -> 2025-08
A101: WO-1099 | B101: EQ-105 | C101: Electric Motor A-105 | D101: Corrective | E101: High | F101: Completed | G101: 2025-12-10 | H101: 2025-12-10 21:44 | I101: 2025-12-10 21:44 | J101: 2025-12-11 06:44 | K101: 11.7 | L101: 293283.22 | M101: Electrical Fault | N101: Fatima Bello | O101: Corrective maintenance on Electric Motor A-105 | P101: =TEXT(G101,"yyyy-mm") -> 2025-12 | Q101: =IF(tblWO[[#This Row],[Status]]="Completed",1, IF(tblWO[[#This Row],[Status]]="In Progress",2, IF(tblWO[[#This Row],[Status]]="Planned",3, IF(tblWO[[#This Row],[Status]]="Cancelled",4,99)))) -> 1 | R101: =IF(D101="Preventive",1, IF(D101="Inspection",2, IF(D101="Corrective",3, IF(D101="Breakdown",4, IF(D101="Overhaul",5,99))))) -> 3 | S101: =TEXT(G101,"yyyy-mm") -> 2025-12
A102: WO-1100 | B102: EQ-105 | C102: Electric Motor A-105 | D102: Preventive | E102: High | F102: Cancelled | G102: 2025-06-23 | H102: 2025-06-23 21:44 | K102: 0 | L102: 0 | N102: Tunde Adeleke | O102: Preventive maintenance on Electric Motor A-105 | P102: =TEXT(G102,"yyyy-mm") -> 2025-06 | Q102: =IF(tblWO[[#This Row],[Status]]="Completed",1, IF(tblWO[[#This Row],[Status]]="In Progress",2, IF(tblWO[[#This Row],[Status]]="Planned",3, IF(tblWO[[#This Row],[Status]]="Cancelled",4,99)))) -> 4 | R102: =IF(D102="Preventive",1, IF(D102="Inspection",2, IF(D102="Corrective",3, IF(D102="Breakdown",4, IF(D102="Overhaul",5,99))))) -> 1 | S102: =TEXT(G102,"yyyy-mm") -> 2025-06
A103: WO-1101 | B103: EQ-105 | C103: Electric Motor A-105 | D103: Preventive | E103: Low | F103: Completed | G103: 2025-10-07 | H103: 2025-10-07 21:44 | I103: 2025-10-07 21:44 | J103: 2025-10-08 08:23 | K103: 11.1 | L103: 236293.04 | M103: No Failure | N103: Emeka Okonkwo | O103: Preventive maintenance on Electric Motor A-105 | P103: =TEXT(G103,"yyyy-mm") -> 2025-10 | Q103: =IF(tblWO[[#This Row],[Status]]="Completed",1, IF(tblWO[[#This Row],[Status]]="In Progress",2, IF(tblWO[[#This Row],[Status]]="Planned",3, IF(tblWO[[#This Row],[Status]]="Cancelled",4,99)))) -> 1 | R103: =IF(D103="Preventive",1, IF(D103="Inspection",2, IF(D103="Corrective",3, IF(D103="Breakdown",4, IF(D103="Overhaul",5,99))))) -> 1 | S103: =TEXT(G103,"yyyy-mm") -> 2025-10
A104: WO-1102 | B104: EQ-105 | C104: Electric Motor A-105 | D104: Breakdown | E104: High | F104: Completed | G104: 2025-10-28 | H104: 2025-10-28 21:44 | I104: 2025-10-28 21:44 | J104: 2025-10-30 13:49 | K104: 18 | L104: 653346.39 | M104: Vibration | N104: Chidi Eze | O104: Breakdown maintenance on Electric Motor A-105 | P104: =TEXT(G104,"yyyy-mm") -> 2025-10 | Q104: =IF(tblWO[[#This Row],[Status]]="Completed",1, IF(tblWO[[#This Row],[Status]]="In Progress",2, IF(tblWO[[#This Row],[Status]]="Planned",3, IF(tblWO[[#This Row],[Status]]="Cancelled",4,99)))) -> 1 | R104: =IF(D104="Preventive",1, IF(D104="Inspection",2, IF(D104="Corrective",3, IF(D104="Breakdown",4, IF(D104="Overhaul",5,99))))) -> 4 | S104: =TEXT(G104,"yyyy-mm") -> 2025-10
A105: WO-1103 | B105: EQ-105 | C105: Electric Motor A-105 | D105: Corrective | E105: Critical | F105: Completed | G105: 2025-11-17 | H105: 2025-11-17 21:44 | I105: 2025-11-17 21:44 | J105: 2025-11-18 02:32 | K105: 11.3 | L105: 152564.72 | M105: Lubrication Issue | N105: Emeka Okonkwo | O105: Corrective maintenance on Electric Motor A-105 | P105: =TEXT(G105,"yyyy-mm") -> 2025-11 | Q105: =IF(tblWO[[#This Row],[Status]]="Completed",1, IF(tblWO[[#This Row],[Status]]="In Progress",2, IF(tblWO[[#This Row],[Status]]="Planned",3, IF(tblWO[[#This Row],[Status]]="Cancelled",4,99)))) -> 1 | R105: =IF(D105="Preventive",1, IF(D105="Inspection",2, IF(D105="Corrective",3, IF(D105="Breakdown",4, IF(D105="Overhaul",5,99))))) -> 3 | S105: =TEXT(G105,"yyyy-mm") -> 2025-11
...

Sheet Equipment_Metrics
A1: Equipment_ID | B1: Total_Work_Orders | C1: Total_Downtime_Hours | D1: Total_Cost_NGN | E1: MTBF_Hours | F1: MTTR_Hours | G1: Availability_Pct
A2: EQ-100 | B2: 15 | C2: 139.4 | D2: 2863344.8 | E2: 4380 | F2: 9.3 | G2: 98.41
A3: EQ-101 | B3: 17 | C3: 205 | D3: 5004671.4 | E3: 2190 | F3: 12.1 | G3: 97.66
A4: EQ-102 | B4: 13 | C4: 171 | D4: 2921472 | E4: 2920 | F4: 13.2 | G4: 98.05
A5: EQ-103 | B5: 22 | C5: 304.9 | D5: 5086337 | E5: 2920 | F5: 13.9 | G5: 96.52
A6: EQ-104 | B6: 6 | C6: 92.1 | D6: 1898449.3 | E6: 2920 | F6: 15.4 | G6: 98.95
A7: EQ-105 | B7: 15 | C7: 212.1 | D7: 4352095.7 | E7: 2920 | F7: 14.1 | G7: 97.58
A8: EQ-106 | B8: 22 | C8: 183.6 | D8: 5071478.6 | E8: 2920 | F8: 8.3 | G8: 97.9
A9: EQ-107 | B9: 8 | C9: 83.7 | D9: 2250966.3 | E9: 4380 | F9: 10.5 | G9: 99.04
A10: EQ-108 | B10: 4 | C10: 95.9 | D10: 1872736.9 | E10: 8760 | F10: 24 | G10: 98.91
A11: EQ-109 | B11: 12 | C11: 207.8 | D11: 3701480.7 | E11: 2190 | F11: 17.3 | G11: 97.63
A12: EQ-110 | B12: 13 | C12: 97.1 | D12: 2830912 | E12: 8760 | F12: 7.5 | G12: 98.89
A13: EQ-111 | B13: 6 | C13: 96 | D13: 2543839.2 | E13: 8760 | F13: 16 | G13: 98.9
... A31: EQ-129 | B31: 19 | C31: 159.9 | D31: 4382057.4 | E31: 4380 | F31: 8.4 | G31: 98.17

Sheet KPI_Summary
A1: Total_Equipment | B1: Total_Work_Orders | C1: Completed_WO | D1: In_Progress_WO | E1: Planned_WO | F1: Total_Downtime_Hours | G1: Total_Maintenance_Cost_NGN | H1: Avg_Downtime_Hours | I1: Avg_Cost_Per_WO_NGN | J1: Preventive_Maintenance_Pct | K1: Breakdown_Maintenance_Pct
A2: 30 | B2: 402 | C2: 330 | D2: 40 | E2: 23 | F2: 4221.2 | G2: 89101251 | H2: 12.791515 | I2: 270003.79 | J2: 50 | K2: 15.757576

Sheet Pivots
A1: Status_Order | B1: Status | C1: Work Orders
A2: 1 | B2: Completed | C2: 330
A3: 2 | B3: In Progress | C3: 40
A4: 3 | B4: Planned | C4: 23
A5: 4 | B5: Cancelled | C5: 9
A13: Status | B13: (All)
A15: Maintenance_Type_Order | B15: Maintenance_Type | C15: Count of WO_Number
A16: 1 | B16: Preventive | C16: 198
A17: 2 | B17: Inspection | C17: 35
A18: 3 | B18: Corrective | C18: 90
A19: 4 | B19: Breakdown | C19: 65
A20: 5 | B20: Overhaul | C20: 14
A28: Status | B28: (All)
A30: Year_Month | B30: Sum of Cost_NGN
A31: 2024-12 | B31: 1697933.1
A32: 2025-01 | B32: 4265011.9
A33: 2025-02 | B33: 7611409.9
A34: 2025-03 | B34: 6476371.7
A35: 2025-04 | B35: 7039637.3
A36: 2025-05 | B36: 5728906.3
A37: 2025-06 | B37: 7992180.4
A38: 2025-07 | B38: 9376258
A39: 2025-08 | B39: 8451315
A40: 2025-09 | B40: 7147153.3
A41: 2025-10 | B41: 8528918.9
A42: 2025-11 | B42: 7234946.8
A43: 2025-12 | B43: 7551208.4
A55: Equipment_ID | B55: Sum of Total_Downtime_Hours
A56: EQ-117 | B56: 180.2
A57: EQ-106 | B57: 183.6
A58: EQ-119 | B58: 195.8
A59: EQ-121 | B59: 204.1
A60: EQ-101 | B60: 205
A61: EQ-109 | B61: 207.8
A62: EQ-105 | B62: 212.1
A63: EQ-116 | B63: 219.3
A64: EQ-112 | B64: 221.1
A65: EQ-103 | B65: 304.9

Sheet Dashboard
B1: MAINTENANCE KPI DASHBOARD Oil & Gas Operations
B5: Total Work Orders | E5: Completed Work Orders | H5: Total Downtime (Hours) | K5: Total Maintenance Cost (₦) | M5: Avg Downtime per Work Order (hrs) | O5: Avg Cost per Work Order (₦) | Q5: Preventive Maintenance (%)
B6: =KPI_Summary!B2 -> 402 | E6: =_xlfn.XLOOKUP("Completed_WO",KPI_Summary!1:1,KPI_Summary!2:2) -> 330 | H6: =_xlfn.XLOOKUP("Total_Downtime_Hours",KPI_Summary!1:1,KPI_Summary!2:2) -> 4221.2 | K6: =_xlfn.XLOOKUP("Total_Maintenance_Cost_NGN",KPI_Summary!1:1,KPI_Summary!2:2) -> 89101251 | M6: =_xlfn.XLOOKUP("Avg_Downtime_Hours",KPI_Summary!1:1,KPI_Summary!2:2) -> 12.791515 | O6: =_xlfn.XLOOKUP("Avg_Cost_Per_WO_NGN",KPI_Summary!1:1,KPI_Summary!2:2) -> 270003.79 | Q6: =_xlfn.XLOOKUP("Preventive_Maintenance_Pct",KPI_Summary!1:1,KPI_Summary!2:2)/100 -> 0.5
T8: Use Status filter on Analysis tab
